PolicyID,CustomerName,CustomerAge,SumAssured,AnnualPremium,PolicyTerm,RiskScore,ClaimMade,ClaimAmount,Projection10Y
3599272b-5e5b-4c4e-a55d-628b13dd61fb,Ronald Jimenez,31,837593.41,8978.83,25,0.3,Yes,15178.38,1.76
cc20b9a3-597e-4ec0-8abe-0889807afb3e,David Perry,28,945931.37,5907.94,10,0.03,No,35930.03,1.81
c32adb32-5923-43d7-9457-9eb15764db21,Jerry Alexander,18,59512.94,4307.84,20,0.78,Yes,27552.46,1.31
6a2eff89-d8d5-4acf-a8a6-46ad8e0b2b89,Tina Mullins,44,605065.58,6440.96,10,0.96,No,405.61,1.65
113ec701-e2b4-4fa3-9c00-1dc23dfcff84,Paul Stone,42,910538.48,6664.7,20,0.48,Yes,6239.06,1.13
60bf0066-1338-45f0-8457-4a52553c8f51,Timothy Mcdonald,51,436914.22,2647.99,25,0.81,Yes,2274.72,1.06
7bdea988-4955-4058-bbbd-b1af2639f698,Joe Maddox,33,965187.31,8776.7,20,0.58,No,34765.7,1.72
fa6bc6c5-52e1-47b1-9b9f-77d1ab8545fe,Danielle Jacobs,58,975736.51,2308.72,20,0.87,Yes,26506.69,1.95
67648b10-b02a-41de-890d-9722658db84f,Michelle Ball,34,718469.61,7555.41,25,0.5,No,44218.65,1.14
24099a6c-6da7-4033-8c61-8ceba4dfc799,Brianna Bauer,47,101256.59,3067.64,20,0.59,No,22455.4,1.32
a2fe9c83-be6c-4487-9d0b-bddf75afa32f,Jessica Cabrera,50,699982.46,1898.54,10,0.09,No,24451.4,1.85
3f9111e6-b35c-4747-8f92-c3aadb7a624a,Christopher Preston,31,58719.55,7734.1,25,0.64,No,22979.5,1.94
f7a97bae-dbf5-4233-adfa-7ccfb6b7b0af,Robert Flynn,45,293868.03,1079.34,15,0.47,Yes,45419.39,1.98
15891e68-24c7-4926-bf3f-18d983bb7814,Jennifer Smith,57,291005.28,1897.96,10,0.7,No,20997.28,1.3
856fcc98-ad95-4b3e-8d5f-04b8773315b1,Gregory Bennett,64,909703.99,7503.49,25,0.27,Yes,35622.92,1.99
94689264-9e9d-48b2-aebb-7581da00241d,Mary Pitts,70,832678.75,6861.56,10,0.72,No,20719.44,1.48
a3723cd5-5f3b-40dc-aa24-908e7a409ac4,Carly Clark,53,71182.24,6586.94,15,0.42,Yes,35414.36,1.13
b6d5075e-a726-4123-9526-600137c5cd17,Clayton Tucker,43,268471.31,3662.46,20,0.25,Yes,6281.86,1.86
db7f961b-d08c-4fbe-9eaa-27606a1e3f37,Juan Taylor,57,595023.72,5582.34,25,0.09,No,41138.18,1.97
7bdfa987-2bda-4567-95d9-5414c29c4700,Jennifer Howell,39,435864.99,4212.64,20,0.39,No,23451.84,1.34
c56edbe1-e723-4c44-9e0e-82b54462c425,Christopher Gonzalez,69,685323.08,8748.02,25,0.85,No,28162.29,1.06
e7d33bce-c2d3-4a2e-9e87-a26338364595,Jennifer Diaz,22,331373.64,6945.48,10,0.82,No,123.57,1.74
139b8348-c365-4888-a508-d891811ce249,Casey Boyd,61,692696.32,3906.61,15,0.83,No,12073.13,1.82
83ad98c7-f634-4e2b-ade0-70f2c4a0e135,Eddie Pena,55,895836.94,4688.5,20,0.6,No,37279.69,1.71
3f688984-07e5-4035-a29d-a362c3a77b47,Aaron Harris,54,854468.22,9291.43,10,0.53,No,32475.93,1.69
ae06a736-a46c-488a-b39a-c081705dec8e,Zachary Walker,19,724965.46,4957.8,25,0.96,Yes,20227.34,1.15
bb2120d3-ddb9-4cfc-b7a5-6b906be56f81,Jessica Guzman,24,186906.31,6833.71,10,0.78,Yes,27465.36,1.22
ef9c6370-4ed0-402b-af91-25588bc7629e,Matthew Wagner,21,257398.17,7609.48,20,0.31,No,11378.24,1.37
9ef3c760-830f-4589-9027-bb8f17ae7621,Joshua Jones MD,45,206734.96,2616.53,10,0.17,No,706.28,1.99
90ff823c-eb74-42d4-9bd1-4dcafb055e0e,Samantha Martinez,53,254233.3,7198.9,20,0.67,Yes,18567.95,1.24
d1902be4-4805-461b-98b4-786df4d72d05,Joseph Carlson,34,675159.04,3282.22,15,0.54,No,11423.37,1.42
9e7826c0-4b68-479c-80b3-177351b41e10,Heather Osborne,37,423920.33,7731.74,10,0.24,No,12812.71,1.23
5165795b-dd45-4fb5-80cd-dd27b72ee78e,Jared Payne,65,517514.53,6975.85,25,0.98,Yes,41896.33,1.67
73f633ec-9f8e-4588-a646-dd9615c597ff,Jennifer Thompson,73,607791.82,5633.32,20,0.05,No,40912.1,1.9
d9ccf1e2-4880-4b12-ba74-12686aabc5f1,John Bishop,69,259458.81,2036.29,10,0.82,Yes,27295.05,1.96
326e28a9-ec1d-4763-b49a-7973b76a4b2f,Jonathan Murray,37,655607.0,6830.01,10,0.27,No,12018.37,1.99
09f21d93-90dc-4590-a0d0-4be8b30bf9c0,Theresa Lyons,25,166925.88,2047.04,15,0.39,Yes,33814.54,1.47
cfef974f-7a70-4098-a7bb-701c61272933,Michael Hodges,29,662983.27,9891.47,10,0.17,No,37075.74,1.77
e19158f9-c4e8-475f-9649-b62a9173a945,Tom Casey,66,849051.17,7350.82,15,0.3,No,11044.44,1.81
a601212c-b24a-4a3c-8847-b0e8246c3f35,Brian Gardner,24,249191.93,8638.2,25,0.88,Yes,32891.65,1.38
6a11be32-f3f2-49c1-a591-7fe9f907184d,Laura Shelton,65,388684.6,7156.04,15,0.92,Yes,12553.43,1.41
d9e281fc-54df-46c1-8467-8167da96c1bd,Rebecca Hudson,72,175671.66,3835.81,20,0.29,No,36116.93,1.21
a0729287-48f3-4088-bfd3-deb5610687d4,Kenneth Kennedy,43,334899.14,7907.3,20,0.42,No,17551.98,1.11
e5c39182-b81e-4d24-b27a-633446a37c04,Janice Huerta,66,608031.84,6333.65,20,0.61,No,18161.06,1.71
7bdeeabe-7fb1-4ce6-8077-49ea9bf64065,Hannah Macias,74,887601.29,7932.67,25,0.62,No,47082.53,1.56
a2ca200a-99a5-428d-8ad4-97ba3cb047da,Nathan Alexander,61,214322.76,2331.38,15,0.06,No,27668.66,1.34
f0cc7c82-cd9a-4cd8-806e-2f87c431415b,Manuel Watson,27,109007.58,1494.65,20,0.65,Yes,3854.91,1.51
b18d2261-871b-4ebb-b881-b9b07fe4e482,Michael Hudson,43,611868.37,2722.8,10,0.51,No,8971.7,1.89
20b4f9b0-32c8-4e7d-9fbd-359f506209f0,David Brown,64,211474.71,8923.44,10,0.61,No,47360.85,1.9
8533cb93-2303-453b-8c97-f873180ff0e3,Teresa Lynch,23,879257.09,5268.95,10,0.87,Yes,1738.14,1.69
2181ac3c-4459-4012-ae6d-64b952f1b242,Calvin Velazquez,38,551028.51,1741.59,20,0.72,No,48435.22,1.89
956ec66b-f35e-49ff-8a81-6e99beee0323,Penny Jackson,58,263358.45,1872.12,15,0.25,Yes,33059.6,1.22
2e468ae5-861c-4a13-9a9c-c0fb67ced29e,Margaret Murray,69,793991.81,2444.67,15,0.33,Yes,44175.92,1.34
649560b1-b4e8-45d7-ae0f-23aebaf904dc,Brian White,49,717126.26,9978.17,25,0.13,Yes,19636.36,1.28
bfd49c41-c28c-4ad6-a29a-f4d24fe9d239,John Camacho,29,92215.59,3169.17,15,0.53,Yes,1121.64,1.2
612f6182-734e-4776-aecb-13b0717b41ee,Mary Hill,36,350543.74,8388.65,20,0.3,Yes,32064.67,1.55
4d428a40-890a-41d7-a57a-3262725edd3c,Courtney Knight,45,865526.64,6086.76,25,0.56,Yes,5747.61,1.06
4cbbc42c-d5e6-4922-81a5-27a5e56b1fe4,David Conrad,56,257996.78,6201.38,15,0.01,Yes,42956.15,1.63
38fb0f4e-47f0-4c68-91a8-7803f85e5aa9,Shaun Brown,20,406290.0,9158.36,20,0.6,No,28640.54,1.86
e599bc6c-68c3-4135-8a1d-202d322e50f8,Cody Wallace,54,998832.78,9721.65,25,0.15,No,38229.44,1.99
d0cae524-8600-4175-bc55-a666677c924f,Tammy Allen,51,685517.32,1458.03,20,0.4,No,33223.68,1.98
0543659a-d905-4be1-ba14-93a2cde95317,Travis Perez,59,375296.47,8116.83,25,0.02,No,13753.85,1.54
ea80cb02-2c66-4b0d-85a1-48e886ca8190,Melissa Harris,54,829815.05,6589.83,15,0.72,No,31831.13,1.94
a9dc6a24-455d-4000-b643-94804516dd19,Jill Hill,28,496432.37,7123.28,15,0.55,No,43920.71,1.6
05844a23-3b38-4f17-b1c5-6b76fe9e175a,Wendy Spence,71,164095.83,5239.78,20,0.33,Yes,18538.97,1.14
9dfc687f-fd6a-4910-840b-4780ad63f86a,Christine Jackson,67,199255.04,2442.97,25,0.56,No,49413.78,1.43
ab6e0cda-890c-43a0-a350-faa21fa43b55,Casey Mcintosh,35,647596.47,1168.57,10,0.51,Yes,44685.83,1.53
7f6544a3-6611-412a-8560-c8e11ea76b88,Rodney Woodward,29,663559.87,6762.22,20,0.5,No,49463.13,1.3
056531a5-1b23-4cd0-8a21-71bcd5701388,Brenda Ballard,26,938455.94,8814.73,25,0.31,No,17282.36,1.18
088b56ea-1137-4312-9b68-86744491d640,Amanda Charles,69,678626.29,3786.6,15,0.79,No,20045.96,1.51
492085a4-9aa8-4c6d-853f-37ecd22e1d2e,Jeffrey Cline,65,586306.44,5504.25,20,0.22,Yes,1534.56,1.14
0e31a0e3-1e79-4991-9fd3-a59cc557393a,Patricia Estrada,56,978818.6,3141.55,15,0.86,No,39.24,1.78
969f76aa-05ba-4d1b-94a3-d7f5039a0c4b,Robin Bailey,35,794121.63,4148.38,10,0.32,No,39256.28,1.86
56d99a34-45c5-4bbc-a301-ca307417ded3,Kimberly Carter,69,818488.17,6102.61,10,0.14,No,9845.22,1.97
28197f5e-b60c-402f-9694-4ae860cbbc78,Joshua Jensen,18,806888.65,9369.59,20,0.53,No,46065.59,1.53
a26bf72c-4bd3-4d29-acf0-a723332143cb,Craig Chang,38,521591.72,8059.35,15,0.93,Yes,12168.56,1.69
bd94a03d-2e83-4b61-99ca-e0b5f1f3e761,Crystal Luna,37,594044.63,8880.55,10,0.46,Yes,22155.76,1.1
825a9636-163b-4858-810c-7079e4908fc8,Christina Cunningham,41,623502.28,3583.56,25,0.32,Yes,35932.03,1.08
33759014-fda6-475b-a51d-42c6374b1b61,Keith Williamson,30,890989.59,1311.38,15,0.26,Yes,38823.47,1.19
6c91d803-fe14-4bf6-b89f-6bfe50fd97c6,Charles Whitney,36,740439.93,4263.28,20,0.72,No,15651.85,1.32
4cd7ae03-23c2-49c2-aeb5-18bc9e22084c,Nicole White,51,754499.8,8991.39,10,0.12,No,9412.18,1.78
65b39441-44c6-474d-86b1-4d95435329d5,Michael Ford,26,365459.61,2693.93,15,0.31,No,34070.98,1.42
9735aff9-9754-4fc9-ba85-f80708c72f03,Mrs. Desiree Cooper,52,137562.76,3945.15,25,0.59,No,38026.68,1.68
65e67d5e-eb8f-404b-b44c-8cddfbbb21f5,Tammy Jones,64,946171.51,4118.23,25,0.24,Yes,7041.97,1.23
fe3509a6-c9d6-4518-a21c-293188e600b9,Brian Jackson,41,739924.53,6089.84,15,0.16,No,10925.73,1.91
6fa8f8ad-1675-4d50-824b-4aff417a9683,David Hardy,29,439735.86,5001.24,20,0.23,No,27125.4,1.26
def89047-d009-4869-845e-45503a929329,Tiffany Mathews,25,916689.45,7770.13,25,0.97,Yes,46017.34,1.41
c20a143b-f5cf-4f78-b9de-b041a95f159c,Adam Lee,31,274357.15,1319.97,15,0.58,Yes,13782.57,1.92
56f9ee77-bbd1-4f6e-b81a-1bfb88567478,Dana Potter,53,576137.74,5447.9,10,0.27,No,21011.06,1.81
a83d75c3-3c64-486d-9466-a4589dbad217,Robert Hart,28,631126.14,7707.75,25,0.94,No,34258.95,1.78
3cdcfb5d-2742-4e27-bfc8-446da8993d37,Troy Burns,56,742097.22,3984.13,25,0.59,No,43482.26,1.61
96362ad6-4e62-408c-99ef-13f77f35a229,Nathaniel Morrow,66,547925.06,1371.01,25,0.43,Yes,3376.02,1.46
7766c0d5-2949-4c67-9c7d-30259ce263ed,Keith Reid,23,240059.2,3469.77,15,0.13,No,38324.86,1.8
fae763f3-8631-4aa7-8eef-fd72af0a42b2,Judy Baird,23,808558.22,9356.48,25,0.73,Yes,39698.67,1.92
bcb7fdc2-0f2f-45d9-80c5-aa7bf7237048,Stephanie Robinson,26,939132.61,4705.47,20,1.0,Yes,30150.22,1.47
e2000d89-5b77-4d2b-8354-4d2a889fbc17,Crystal Bond,48,912610.91,1711.24,25,0.5,No,48283.03,1.82
f90bf13b-9dba-486d-865e-8e7906393c14,Ricky Calhoun,41,146068.67,6263.33,10,0.6,Yes,38080.52,1.84
07322174-60aa-4029-b87e-557a3cc49eff,Teresa Bird,32,670419.01,2325.23,25,0.76,No,39284.33,1.31
8ba5bdc5-8d27-4a28-9fbc-80b839f7001f,Kevin Thompson,41,724945.87,7591.87,20,0.89,No,10190.74,1.93
1475609a-bc04-459f-a829-e7bb03b5f48d,Kimberly Gray,75,558579.79,9620.39,20,0.57,No,46223.12,1.63
bae91830-423c-415f-b3b4-8e604b97f62f,Jay Jones,53,795861.69,5611.12,15,0.19,Yes,44217.97,1.4
dcf201ab-25f5-41ff-a3bd-3f54ad1752cf,Randy Vasquez,21,173383.66,4475.18,20,0.17,No,35907.83,1.46
e4a70fe6-1678-48d4-9150-081e8e6262ef,Kimberly Thompson,34,551213.86,2436.08,25,0.97,No,4648.06,1.7
71d602c4-057b-4950-ae38-f94b21e93fc1,Stephen Frazier,67,785642.27,4680.13,25,0.15,No,2423.26,1.93
50442889-41e9-43f3-96a8-3cfe225ff0cb,Gregory Lynch MD,37,547470.42,5838.24,20,0.03,Yes,18763.4,1.8
8f1ad742-faf1-42ae-89c7-c9678daa8076,Trevor Myers,23,65622.06,9521.93,25,0.36,No,33180.46,1.08
f59ba625-30d3-415a-aefa-ff6747e8ce81,Dana Higgins,56,180705.13,1267.43,20,0.5,No,2751.86,1.83
58fa1eb2-d65c-41fc-bf3a-a1ae4763faff,Tyler Harris,63,354654.8,4350.94,15,0.9,Yes,36044.28,1.74
6acf729c-a15a-4abc-a3dc-69e0647ff1b9,Jennifer Pierce,63,267058.46,7992.8,20,0.05,No,40726.23,1.08
9bd44bc7-1e75-402d-8d54-9ea6b34ca495,Robert Benson,45,759526.2,1276.48,10,0.34,No,34653.22,1.8
9d235dd5-ad6a-4808-babc-1f2a5efb6a95,Sarah Walker,37,147163.98,9180.52,10,0.4,Yes,25840.09,1.93
a9ce1003-9199-445e-be09-73d4d891af3c,Jared Howard,66,844752.81,4438.16,25,0.71,Yes,31869.98,1.74
3853b70b-f7d2-45ff-b2ff-5a360d240b5b,Michael Harris,20,915227.88,8182.43,25,0.31,Yes,29898.48,1.15
03ce7b3a-11bc-4103-9f94-6c5df48e184d,Eric Williams,23,376362.62,9136.72,25,0.15,Yes,45509.89,1.95
5135c767-02ba-48f4-885c-503a591fc09f,Jaime Heath,56,545577.64,2263.27,25,0.72,No,20861.89,1.37
8ef70864-e427-456d-8eaa-83dd75bf54c7,Andrea Hayes,44,529025.06,3500.54,20,0.28,No,21690.36,1.6
61f82df2-dd55-428a-840d-c30b39118801,Cheyenne Benjamin,18,617491.07,9701.04,20,0.49,Yes,27716.52,1.65
a29154c6-265a-433d-b80f-8c4461192328,Joe Chavez,65,790870.03,8257.35,15,0.91,No,12538.19,1.13
bb2e92f2-b685-4dac-9f72-9508ea13896b,Michael Young,28,341541.88,5423.31,25,0.62,Yes,18507.12,1.73
7d3202a7-bddc-492e-816f-add2002fc47a,Christopher Powell MD,72,738582.0,4148.09,20,0.73,No,36328.62,1.95
7e8da69a-1345-4f3a-a4b4-e207eac4b890,Robert Price,55,761859.35,2751.91,25,0.32,Yes,11762.68,1.45
76296e3e-b83b-4c6b-898e-984e3252a14f,James Castaneda,44,50546.21,5942.57,15,0.69,No,41249.62,1.61
33de3751-90ac-4e17-8661-51b9156b9df1,Natasha Randolph,73,86234.09,1627.48,10,0.94,No,6704.24,1.93
8579d75f-5176-4d5e-a029-0ba7163e8a1e,Noah Sherman,28,969637.04,7055.21,20,0.99,Yes,13626.4,1.92
a1d6eb79-0767-44b8-8d88-debf8bbf758e,Danielle Cantu,25,633421.97,5553.78,10,0.71,No,41725.15,1.93
47b25d8e-e90d-406d-b839-af1f420144b5,Anna Pearson,29,682619.16,5521.83,15,0.03,No,27396.87,1.75
c70cd2ed-3377-484d-9889-52f18f1577fe,Tiffany Clark,58,539596.55,4363.45,10,0.1,No,30845.14,1.24
38b4611a-ec46-4614-8dd6-1001e336080b,Suzanne King,27,462282.92,5020.67,20,0.9,No,40139.75,1.91
5ebf2acb-c13a-467b-92a6-94b47b644c48,Daniel Bartlett,33,758562.65,7040.51,10,0.01,No,21315.92,1.49
5b09bb77-90d6-41fe-88d1-f4b0d15628d3,Elizabeth Johnson,62,937622.6,3599.68,15,0.24,No,46114.35,1.61
517cf1f2-bead-48f1-bd88-aeb923579ee2,Nathaniel Johnson,45,81660.21,4515.89,20,0.74,Yes,33529.72,1.23
27bdcab3-7856-4f98-b814-18d8ec3e5e29,Melissa Craig,32,202995.84,6056.76,15,0.48,No,38743.48,1.47
8af6728a-e311-4a7f-b173-7d1cfc685da4,Mr. Jonathan Mooney,59,191807.58,8748.85,25,0.82,Yes,32667.43,1.9
9cd25e46-d072-4cd8-9791-1640c6cd9fa0,Mark Nelson,26,282579.34,4549.98,25,0.61,Yes,1160.67,1.77
c1fd1df7-05ee-4d64-be0a-6e5bf198fc44,Bryan Young,45,137517.95,4638.47,25,0.47,Yes,38572.04,1.22
2ad4d3c6-c512-4356-8c63-9245909de8f5,Patrick Miller,31,268531.04,9680.16,10,0.61,No,4362.03,1.16
5bbbf997-6cde-4522-afea-217c11cad155,Regina Rojas,51,635690.09,2069.43,15,0.8,No,46296.15,1.93
cc756fc7-e5a3-4267-be06-8aeb7fea7b81,Stacey Coleman,59,146229.2,2014.27,10,0.72,No,9200.4,1.47
da85c466-ba0e-4be0-b588-f2e76e05e530,Bryan Wells,74,689815.15,3710.68,20,0.85,No,35736.68,1.33
f8652f0b-4215-4864-9cc4-301c0b8f818e,Briana Armstrong,49,322765.14,4702.45,15,0.71,No,19886.28,1.87
30889ded-f35c-47e5-bc61-80b247cd68b1,Thomas Cole,68,704685.61,6075.35,20,0.6,Yes,26661.94,1.25
53c60c48-6de0-49b7-bc80-46dbb4f2a4d6,Joe Kline,45,632026.88,7388.18,15,0.91,Yes,47542.51,1.69
4c027ddd-1e1e-4a93-af86-507cb31cf59e,David Mahoney,50,864232.6,6060.89,10,0.22,No,33383.98,1.92
97c53613-89de-4038-9f3a-a4be3ccf02e3,Melinda Gill PhD,64,330216.85,2842.55,15,0.41,Yes,38515.4,1.56
dbace1e2-6e83-4656-93ea-b1c4c2dd56ad,Pamela Robertson,75,481653.66,3640.48,15,0.43,Yes,16811.89,1.35
9a7101fe-763d-421e-a737-da89addec904,David Little,28,613934.63,8581.24,20,0.92,No,8416.2,1.95
6823e932-bcb5-4d91-8c7c-3be53ac3e7df,Laura Edwards,26,689700.81,6489.93,10,0.71,Yes,9596.93,1.25
92056f1f-1af0-4994-84b3-78cd5eed854b,Renee Jones,27,901194.41,4974.76,20,0.55,No,31305.27,1.99
8948e630-0bdf-407f-b65f-840a483ab215,Carl Rhodes,51,623403.05,1572.2,10,0.08,Yes,33046.31,1.93
2a32f0dd-d1b3-46cc-9256-a87068775582,Monica Norris,39,262209.71,1700.93,25,0.06,No,44889.22,1.52
4b8d23c3-e432-4d5f-9463-743677b5441c,Kimberly Edwards,31,180112.15,2802.77,15,0.89,Yes,39781.41,1.64
f912ebe3-5077-4dd6-bcd8-d801bcdf7e01,Anita Aguirre,75,390840.96,3190.53,15,0.36,Yes,45408.27,1.7
5f14eeda-dccc-4d97-8053-6239535b95ce,Savannah Clark,68,409973.2,9456.42,15,0.38,Yes,22510.04,1.38
1c389ae1-d34a-43f5-9efb-b2f530d130de,Jeffrey Wilson,71,423143.04,7417.51,25,0.09,No,30997.43,1.21
37b8f232-f57f-4333-b67c-98959100c0d4,Craig Hunter,56,809633.11,5352.71,10,0.13,No,12333.24,1.85
fe80eb99-4e36-4214-b2b0-fabcc478bb69,Marvin Tyler,74,768550.52,2706.75,15,0.75,Yes,20603.3,1.63
f9a73e1e-d453-476e-8b12-3ab015ef6c62,Sherry Foster,40,351389.57,1193.05,25,0.35,Yes,26008.08,1.96
4fd93855-4e69-42e2-ab8b-082a94247c91,Leon Simmons,72,391407.41,4054.12,25,0.74,No,47792.06,1.67
25d720b7-da5a-4af4-b571-596c54d7ba93,James Ferrell,63,504669.81,9323.17,20,0.4,Yes,22872.38,1.25
72d71b3e-c280-4fd2-8971-25aff2d2b6ed,Jeffrey Huff,38,148391.69,5996.47,25,0.79,Yes,30913.84,1.3
d51886ec-0389-42e4-856a-067412856004,Harold Jones,30,924739.54,3969.31,15,0.97,No,29711.59,1.45
8f0ba371-66d7-41e6-a63b-d0d892c1325d,Veronica Barrett,71,506165.56,1424.44,15,0.18,Yes,42757.41,1.21
c6991a4f-e366-4921-a19b-6da699eb47bd,Walter Ortiz,28,855560.0,7826.24,10,0.39,No,13708.33,1.27
ee3091a0-33ad-4e7a-87ab-1c7bc3077192,David Moran,60,977157.02,2330.17,10,0.16,Yes,48440.11,1.22
e8dfb743-9786-4e4a-823b-666656c4e365,Cynthia Murray,39,702283.58,6341.0,15,0.38,No,43074.63,1.67
229b8b51-68d2-4108-8be2-406fe749d2f6,Mr. Joshua Ward III,31,455745.25,6554.9,25,0.31,No,31223.95,1.57
e9ad48ff-07f8-4c54-a15b-47627983e9ab,Carmen Hall,70,720488.25,2642.4,15,1.0,Yes,30636.55,1.68
5cdb3371-5502-47a5-9ee6-5d6765d8608f,Andrew Williams,32,272144.48,9088.31,20,0.4,No,22766.65,1.58
0c06a374-7260-4350-b97b-927adbb42861,Victoria Copeland,59,504926.69,8977.72,10,0.66,Yes,18530.51,1.33
8e8eb9c9-76f1-46b4-9ebd-23e04308b99c,Kristine Morris,42,99177.95,8040.26,15,0.96,No,34196.11,1.57
4ff7e645-306d-4656-80e4-df3b603cc924,Mary Wheeler,43,164152.74,3264.52,10,0.76,Yes,41682.98,1.52
57575956-9537-4c8b-97be-c20a3dc4d131,Kenneth Martin,69,940315.62,6280.22,20,0.13,Yes,40396.84,1.76
81442465-eb33-4f7d-802a-fc2d3b37a5f3,Kristina Robles,57,986366.96,4754.68,25,0.67,Yes,10506.22,1.14
069c8551-9bb0-4220-9d5f-e0602a85ed2b,Charles Baker,44,637455.76,7486.39,20,0.78,Yes,28121.96,1.37
8dd5e95a-f61b-47e5-8684-a25c956fd29a,Jason Jimenez,34,603742.57,9530.87,15,0.65,Yes,23328.57,1.49
ec450dde-bdea-4a46-a9b4-632f8aa4b5bb,Aaron Reynolds,38,279023.84,8227.16,20,0.51,No,19124.66,1.98
0e7d2bdf-41ec-4dc1-94f2-4c1c2a03f4a1,Erika Martin,30,927559.93,1523.86,25,1.0,No,39763.66,1.36
6e56b6c9-cada-4868-8db9-eaf50a156180,Stephanie Reid,32,893597.37,8956.41,25,0.02,Yes,6309.96,1.05
3dbf7708-5742-4f58-a2dc-16af2b857bd4,Dennis Farrell,49,730496.14,2321.61,15,0.12,Yes,41447.77,1.23
50eccd94-9016-4c6c-8f2f-a6a2da922240,Mario Fernandez,26,840554.45,1265.63,10,0.74,No,39614.31,1.12
b1fb88e9-1b09-4d67-bf84-ca89a71978e4,Lucas Barnes,50,877232.22,9549.57,25,0.48,No,18115.18,1.74
ce887683-cf98-4a73-99af-081ff7f236a2,Matthew Parks,30,249348.29,4740.14,15,0.31,Yes,43174.59,1.64
3f3f7962-5388-45b7-b187-9810422600cc,Lisa Bryan,18,664785.8,7735.71,10,0.27,No,320.24,1.48
21608020-7427-4de1-ae61-26511ab85195,Brittany Garcia,22,845131.61,8319.51,15,0.89,No,17992.32,1.16
c5f56726-d5ab-41ee-bd75-b6c6b22ffb3f,Christopher Gonzales,18,444939.69,9890.77,10,0.51,No,39998.43,1.86
8d8c38b2-7c1d-4597-ae5d-29c434844bcf,Julie Weiss,37,304657.78,3159.08,20,0.86,Yes,31687.02,1.58
83ab3415-f1fb-41e7-8a13-b49bf08434dc,Diane Terry,60,627037.18,8880.83,20,0.43,Yes,47702.74,1.43
5e5361dd-dcae-4570-ab59-213195ca5a0f,Mary Moyer,58,51178.28,5801.15,10,0.68,Yes,3652.84,1.33
a666551f-64c5-4a12-9b72-e497509be057,Mandy Townsend MD,43,995019.6,2910.87,10,0.39,No,21273.71,1.31
6938629f-9f3c-45dd-a348-2aeb6a2fbe1b,Christopher Perez,34,758640.9,3944.55,25,0.02,No,46301.52,1.25
5eeeaa26-9a6c-4fd2-b00c-d366e1fb9cc7,Evan Joseph,49,952281.63,6525.5,20,0.97,Yes,33728.64,1.23
9466ec20-7756-43a4-8fef-0a0c6ebf22a6,Jeffrey Villarreal,20,181425.62,7907.94,15,0.17,No,4036.26,1.35
99f90d00-9da4-44f9-ae99-785ac309eb7a,Christopher Baker,24,111007.51,3224.45,20,0.49,No,31178.97,1.32
3d6ceaf1-c5c0-400c-b679-6874bc139868,Austin Barnett DVM,37,464565.7,4814.38,25,0.03,Yes,34330.88,1.9
bab0a312-f2c5-460c-a448-857eff78c443,Jessica Smith,68,410485.08,7593.1,10,0.55,Yes,31252.16,1.61
06398e95-8e72-47ee-821b-da013f866b71,Jesse Bailey,19,213055.29,2050.94,25,0.19,No,40552.38,1.79
116f2173-b232-404c-9e5d-d1d9d97847bd,Rachel Petersen,47,450394.82,2793.29,25,0.83,Yes,84.41,1.21
64a08d69-0831-40ec-88ab-dcd435c26c57,Jerry Cochran,38,252762.18,8484.73,15,0.78,No,12978.09,1.33
d632c550-f96a-4bc6-a0f4-f1938551b578,Amy Peterson,29,222861.82,1098.04,15,0.49,No,7517.18,1.3
8d9e6633-6c9d-4213-be2a-4fbb486c7504,April Richard,65,951281.7,8945.74,10,0.87,No,5703.08,1.45
7c640393-4ff2-4b13-8e30-a6f7423a2416,Richard Allen,56,484000.97,5054.27,20,0.36,No,7264.77,1.62
5d26ef8c-51e9-4a58-ab12-7fecfa1566db,Melissa Schmidt,27,695802.56,4471.38,25,0.04,No,29402.55,1.95
ed258357-a22b-4422-9fe9-be21aa2f5353,Shannon Adkins,58,629168.23,9395.48,20,0.64,No,45857.91,1.62
115217e6-c056-4a60-975c-1193d27d9663,Karl Jones,24,837288.39,1726.55,25,0.64,Yes,38962.28,1.92
8e68147e-7b7b-4cb2-aca2-07c0066c69a5,Lisa Simmons,49,921496.15,7313.66,10,0.17,No,48475.5,1.24
cb6c4208-fe8e-44dd-8da8-6582ddff4ddf,Miss Donna Miller,22,360918.95,6905.39,25,0.31,No,27517.82,1.16
44a81857-ff4b-4c9c-9f64-72f9f39b092e,Christopher Nelson,31,300971.11,1284.66,25,0.51,No,21095.49,1.85
7d08fdec-a1d4-45a4-abac-e61fbf03638c,Nathan Mitchell,34,701506.49,6467.08,25,0.1,Yes,48294.85,1.29
57910d05-8f6f-4941-92d7-424ac10fc40e,Melissa Smith,28,981980.27,6140.01,15,0.6,Yes,39665.77,1.72
8bd0c12b-71df-4c8f-bdbc-1fc6e6bab962,Terry Grimes,58,280642.84,5185.3,20,0.98,Yes,1633.22,1.8
a30949ee-4ea5-4563-b355-9510c4648728,Ashley Clark,26,864980.23,9426.97,25,0.41,No,26646.43,1.98
055c8036-bacf-45aa-b416-950a2a99306a,Margaret Beck,38,79962.83,5092.72,15,0.08,Yes,28397.7,1.31
64d68dde-627e-4550-a80e-e8b7a80f8c96,Ricardo Harris,36,205809.63,1261.24,25,0.17,Yes,3921.45,1.59
88214ac4-9d7f-44b8-b6cc-ce718b630429,Patricia Schmidt,56,753765.17,9549.72,15,0.52,Yes,43012.22,1.94
a18c8067-6ad8-4156-9ce9-5da639a8a543,Ann Davis,41,480144.76,9970.53,25,0.49,No,151.41,1.97
0009356d-b5a9-495f-ba88-9d599751c834,Jonathan Ball,19,883387.41,5704.68,20,0.56,Yes,25363.11,1.91
f6ec5e3f-1e92-4440-812c-ba9afcaa684f,Melissa Smith,56,227338.3,5590.21,15,0.07,Yes,28054.34,1.3
1cd84b46-1a9f-48a9-a4d8-7899a998d853,Kimberly Arias,41,270878.04,9219.35,25,0.19,No,17448.83,1.26
3220c0d7-59aa-4a1a-91c7-d348050e86df,Kevin Jones,34,108419.25,6052.56,25,0.11,Yes,21254.64,1.34
e940cc51-e6c3-40a5-9257-6e44631e8d44,Kathryn Mullen,55,322842.53,9466.67,25,0.21,Yes,18419.36,1.8
16c7b553-8148-4f1d-83bf-17ea6f1c4d92,Jose Saunders,20,926924.19,9722.06,20,0.88,Yes,17591.9,1.97
d51b5f3b-bbf7-4b67-8320-91eee6ea9678,Andrea Morris,37,523675.07,4317.36,20,0.75,Yes,32739.39,1.59
e2f25805-2f7d-4124-a26f-732bd807e978,Shelley Ortiz,67,87177.94,9571.96,25,0.71,No,7498.56,1.83
fd839418-f40f-40cf-9d29-a6c68d1cb15f,Adam Flores,20,170218.21,6365.73,10,0.06,No,23748.55,1.55
68f8d35c-ca81-4ae7-952f-7985a02e75ef,Haley Johnson,69,239540.0,4035.3,15,0.49,Yes,46118.07,1.49
051fbdf7-9eea-4552-aaf6-27f094379cfa,Sean Porter,60,164142.55,6032.79,10,0.44,No,24396.04,1.86
0dfce152-50d9-4da5-9f39-622ad4640b8f,Kelsey Cochran,60,744380.04,4884.33,20,0.27,Yes,31774.08,1.58
011ebc71-6cce-46ff-8b55-e2ba381b613c,Logan Harris,34,519318.6,5133.64,10,0.65,No,6506.63,1.13
96933ea7-dcf6-407c-aa10-f639a6e6c296,Shaun Bailey,47,331241.76,2134.85,10,0.9,No,45202.45,1.09
494de39a-06cf-4d62-b2e6-9b59bc14859b,Ryan Dixon,62,531470.94,8042.15,10,0.07,Yes,1819.62,1.12
b22cc164-513b-4a00-95ea-57d7c4296b97,Todd Pacheco,22,907958.19,4962.68,25,0.61,No,6747.67,1.33
59e24e0f-1bea-4116-9434-c797a5abb177,Danny Perez,26,487528.89,8856.03,25,0.16,No,45609.37,1.94
8e5f1273-408d-44a6-94a4-8f7512a771aa,Johnny Garcia,18,763653.38,1087.34,10,0.16,No,34748.24,1.56
74e313f0-dab3-455d-bc20-5a861850c1b9,Samantha Giles,48,614075.93,7648.56,20,0.1,No,27323.19,1.41
c09b5122-68f7-4321-bc46-1ed9ea6461ab,Kelly Cohen,66,410574.3,9188.86,25,0.92,Yes,45812.56,1.73
fa9534bb-a620-4c4e-b13c-0005465a2fcf,Jordan Jackson,57,834982.67,5313.28,20,0.99,Yes,8352.46,1.39
0ef0c01e-db49-45b1-93bc-78f6b3375d9f,Harold Juarez,71,993785.21,7730.17,15,0.97,No,21175.56,1.6
eb39247a-bf29-43a8-88d6-0d2b2b50fd3e,Lisa Erickson,46,375993.11,6995.3,15,0.68,Yes,10609.3,1.98
bd0f433f-b394-4d2d-b530-807f953d9400,Brandon Cook,38,418640.15,4743.34,15,0.97,Yes,33173.26,1.33
605e8d51-148a-4345-8362-dc75f2685cb0,Claudia Adams,50,691345.39,6944.23,15,0.43,Yes,32889.69,1.34
03eacac8-6a5f-44c4-9245-713a10c4cdb2,Frank Smith,57,224609.31,8000.6,25,0.72,Yes,41546.41,1.96
a15c5237-ab4a-41bf-89c3-4d3aa90dc30b,Steven Jones,46,994188.98,1681.63,20,0.03,No,4265.84,1.32
d2630391-b134-4bdc-864d-7d74c3efc438,Melissa Adkins,56,53313.07,2337.96,25,0.35,No,26678.51,1.96
a00bc5cb-f3ee-487f-8496-702fbb1401be,Paula Mullins,65,716941.4,2900.89,20,0.99,No,26072.85,1.81
a65ea344-a30e-478a-a32b-76428035f866,Krystal Miller,29,925169.34,6312.41,15,0.34,Yes,13814.62,1.08
6d19135c-6903-4c9b-a090-2113ea6c021e,Robert Taylor,42,90677.44,9056.76,15,0.08,No,22916.83,1.51
dbc39a13-d50a-463c-9e0b-82f453352058,Nicole Jones,33,372815.07,5401.08,25,0.35,Yes,44457.24,1.59
0094e74d-b1f8-4ff3-be11-9b6eae876e22,Michael Greer,59,670053.78,7666.76,15,0.9,Yes,29795.84,1.71
512e29c6-f8e7-4445-842c-3df25d273c46,Deanna Dorsey,23,567029.47,1457.64,15,0.78,No,44793.92,1.07
8d2fa5fe-47ed-450f-a576-80cea15d411e,Katherine Smith,24,253489.85,3966.03,25,0.42,Yes,1947.51,1.68
7a873939-b05c-452b-aed5-3885f2594a2a,James Davis,44,251565.52,4063.39,25,0.05,No,34284.85,1.08
83a575d1-eae1-4dd0-9f9f-518a182b2055,Jim Parks,70,493139.38,3544.86,25,0.46,No,44129.62,1.64
6263c1fe-4c09-4638-afa3-1bc04d68fc61,Jason Reynolds,60,586629.89,2042.98,10,0.53,No,23966.54,1.47
500e269b-043f-45c1-b62c-b235573c311b,Kevin Cooke,65,768859.86,8524.67,20,0.97,Yes,27276.37,1.16
bad42a1e-b769-480a-95c1-0221d11c7d87,Leonard Dickson,64,603622.28,2459.61,15,0.73,No,15455.34,1.12
08d481f2-c340-45cd-8b69-b52eac0bc093,Abigail Smith,54,573631.65,3469.98,10,0.31,Yes,44636.05,1.75
fa113102-102e-41d3-a92b-f423328695da,Mary Martinez,24,541472.13,7984.87,10,0.05,Yes,17682.0,1.21
f2d8e5df-c299-4d98-832e-20ddfeffa169,Francisco Cain,27,872323.97,4621.77,20,0.37,No,30.77,1.82
b2fadd27-a701-4113-9d78-c78c12f138d4,Michelle Anderson,18,192844.27,9852.22,15,0.47,Yes,12443.36,1.98
aab43379-dbc4-4815-b387-cef2d7f53ea9,Daniel Davila,29,745736.17,8893.7,15,0.7,No,22880.09,1.36
0e1ccaf7-4bf1-419a-8e29-74b9d21192a6,Daniel Rowland,57,879391.2,7002.84,10,0.3,Yes,46114.01,1.37
29e35ee4-8d81-428b-bec0-2841585997d3,Barbara Ruiz,24,720130.86,3419.77,10,0.3,No,40981.3,1.67
ccc0b54b-fbb7-441c-a2ba-02a7fe8b75f6,Peter Baker,53,665713.97,2243.09,20,0.61,Yes,25219.61,1.42
b33a5467-a2fb-4eb7-b6f6-f2cdc50e5ad1,James Atkinson,26,393260.42,7268.68,15,0.83,No,14633.61,1.14
791e62ca-709f-4985-b1b2-d80578315d32,Tonya Brown,43,604114.42,1052.93,10,0.61,Yes,25625.63,1.41
7299f265-b417-4cb6-b501-8520aae06299,Michael Fernandez,73,268749.06,5916.8,20,0.49,No,30560.17,1.58
8a6b0186-94f0-46fa-bbdb-e46604d30a6f,Jeffrey Lambert,70,880159.61,8189.75,10,0.25,No,6670.86,1.95
f6b8acdc-71ce-4313-810d-8a7a54717298,Marc Soto,21,523770.45,4444.1,20,0.05,No,18943.73,1.55
e75465de-45d1-4faa-ad3f-e14fc6ef95b9,Carol Miller,66,480084.93,7124.55,10,0.53,No,14107.19,1.28
39550f40-7323-4e0e-8166-c1a4c30a216b,Susan Patrick,52,951685.39,8963.08,25,0.84,No,36399.8,1.23
a6e3aa6f-cf0d-4f9d-9b78-1dd234ba8087,Ryan Dixon,65,141460.73,8263.23,20,0.67,Yes,47886.35,1.66
106ac9ff-1a58-4e22-96eb-5e4844948920,Lacey Bauer,74,289417.78,7798.37,25,0.83,Yes,32189.75,1.32
84928150-8f57-4d67-9a78-c5467ebdf888,Abigail Novak,47,634800.39,7766.26,10,0.43,No,26062.02,1.48
212c0b3d-ae95-49a7-8468-5659cc30a842,Melissa Garcia,60,974124.15,7451.82,10,0.94,Yes,16084.66,1.3
bc8f7069-603d-430c-b8df-9b6a3d60d37b,Dennis Robinson,72,257475.44,8962.43,20,0.47,No,10108.52,1.66
53d114dc-879d-4fc2-ba10-29f1706fc5eb,Joshua Davis,72,989188.18,7009.66,10,0.07,No,29849.5,1.18
e1378e48-e034-4f4b-ae4c-8876b2738b54,William Frank,21,752037.81,7085.12,20,0.52,No,22981.71,1.29
1a0f6a4b-8d2a-4f44-96e0-337756519a8e,James Myers,27,170324.63,2385.59,20,0.8,No,41489.48,1.33
7f212431-89a7-4557-9225-a4e732b21d3e,Amy Fuller,41,101461.67,4574.57,10,0.77,Yes,6480.76,1.25
9b55000a-3e74-4ea8-a514-c6cbf749342a,John Rodriguez,70,464683.46,4541.52,20,0.22,No,22284.34,1.33
597a4f9c-5bd0-47eb-b12d-0b6e3e08ff52,Sheila Fry,60,95945.45,5998.38,25,0.59,Yes,17950.05,1.3
71a97a41-b217-4008-a7f8-b5852eba0188,Diana Martinez,34,129830.9,9822.24,15,0.79,Yes,39825.06,1.07
278a1b29-3cb0-4e9a-a550-332d7dac9fcc,Joshua Hernandez,72,353292.98,2185.47,10,0.48,Yes,13813.43,1.25
167bec60-f2b7-421d-b92c-f4a4e9029df4,Justin Hatfield,41,816108.98,8081.64,10,0.29,No,46367.23,1.51
4cac11e6-5134-4529-80f4-85d3e92f00d6,Jennifer Merritt,55,323220.11,4259.26,15,0.29,No,10651.42,1.86
8564eaa7-f622-4888-982d-e4f48884c5f2,Amanda Mcmahon,20,682858.13,5014.74,15,0.01,Yes,9325.63,1.66
de7bb999-71c3-4554-9541-0772f900424f,Benjamin Brandt,43,86637.55,1344.99,10,0.83,No,47108.13,1.62
305d9f4e-23e8-45e5-96c0-226f03059395,Brittany Larson,57,85340.7,8043.88,20,0.73,Yes,45148.57,1.55
6cd1d858-bdcf-4cca-81a2-51f1278f5ac3,Chris Hernandez,22,389812.44,2859.0,25,0.24,Yes,23894.81,1.37
f5d8f642-5855-408f-aad1-63623e558b78,Ryan Crosby,36,959295.38,2348.47,20,0.81,Yes,15223.09,1.47
dd12618a-53dc-4d6d-a9df-0ed7b61c9d51,Jeffrey Tapia,60,441216.3,6328.68,15,0.61,No,48398.34,1.69
abfa6808-851c-4d16-964e-b2022b7a7426,Erin Reid,35,55428.75,8016.0,10,0.59,No,45414.01,1.56
bd7fee89-6a96-4394-b074-48072cebeee3,Michael Garner,54,954364.45,4642.53,20,0.97,Yes,16901.1,1.72
c696a9f6-dd34-4b0d-8f66-488ec6060a83,Kenneth Coleman,39,62878.51,3957.85,10,0.64,No,21956.01,1.67
9cf34065-147d-48d6-9212-2b2cc7e322f5,Sharon Cook,69,353867.62,6415.06,10,0.35,No,44277.88,1.67
c4e733ed-2c50-48ef-9f23-8753fae29e04,Peter Townsend,74,137711.64,1911.0,25,0.11,Yes,48981.74,1.25
2210052d-f36b-42b5-91b5-ff8528fd5604,Antonio Brown,32,641610.83,7021.52,20,0.27,No,8047.4,1.8
48319c51-a279-497e-a75b-1acc82de0bf1,Michelle Patel,71,88319.06,7009.8,25,0.93,No,11771.99,1.98
e3822325-eb0c-4af2-9a5d-59a0362aa5ae,Eric Thomas,34,528355.33,5107.98,25,0.73,No,3375.51,1.91
daf2a3b2-7cc1-4e18-b484-ca7a865ccd82,Jaime Turner,33,602746.22,1235.27,25,0.11,Yes,33111.39,1.79
329f6084-897d-4fe1-96ec-ef2fe2d3b06d,Patrick Kelley,73,811006.26,8878.0,15,0.84,No,13815.43,1.19
416f9166-01a0-4638-a780-6d845048ea55,Sara Cook,37,724468.88,2701.94,20,0.94,Yes,24521.28,1.14
070aaa14-4e05-48a9-ae3a-46353df47971,Collin Houston,68,135640.76,7177.85,25,0.7,Yes,11844.71,1.98
43b2c1a1-c973-4089-b135-32bebca05ab0,David White,39,168590.97,5666.45,15,0.74,Yes,2977.52,1.91
0dab4ba5-2d50-4c37-b714-efcbae2c13e9,James English,22,782955.83,5422.98,20,0.79,Yes,1162.41,1.73
f16c0016-d9ff-404d-9203-df03dd5b3a20,Derek Koch,20,782004.97,9872.02,10,0.84,No,41019.63,1.19
963b79ba-70d8-49e4-8dad-890e8d23e64b,Rebecca Lewis,57,896554.45,5254.12,25,0.42,No,45514.65,1.92
58395314-fc7a-4014-9337-f18adbe36bc3,Hayley Robbins,41,274558.0,4486.51,20,0.6,No,40476.35,1.09
b9654db5-af72-493f-a87c-2ac025b46296,Cynthia Johnson,69,442945.82,8430.03,20,0.38,Yes,41028.23,1.06
a702dd75-2726-420d-98df-c0c6f0d2ef9e,Jason Webb,34,949091.2,5305.45,20,0.29,Yes,27385.94,1.27
229144c7-0243-418a-bca1-9064689f53be,Rebecca Castro,31,924940.9,7459.09,10,0.04,No,9856.75,1.5
af443431-d3cd-4603-9537-dd0547ab6e56,Henry Johnson,21,173575.25,3990.54,25,0.05,Yes,15872.54,1.7
33ee5e1b-0a9b-4084-8cef-840c1b3b8676,Nicholas Obrien,38,445717.52,9515.43,20,0.74,No,44530.75,1.99
43772904-9d92-488c-bb73-cec8963f7ecc,Lisa Weiss,37,951417.06,6326.4,15,0.88,Yes,38211.39,1.7
66275dee-90f5-4c0d-9532-c8075f13a3c0,Jennifer Scott,36,286805.59,2785.25,15,0.13,No,27318.32,1.42
b5fc7e3c-ec93-4339-bae8-65f480f42d9f,John Martinez,37,378308.06,9037.59,15,0.76,No,11579.0,1.56
96b91ebb-6564-4ccb-85c0-a9f931fa661a,Chris Kerr,40,185069.86,5816.04,10,0.95,Yes,39905.5,1.68
dc28d42c-3c5a-4d41-800f-fa948f0ec7f4,Richard Rodriguez,37,558229.28,5973.61,10,0.89,Yes,4344.51,1.18
b7470355-a976-4ea1-bab0-f3cc5cea72c4,Jean Mckee,75,898598.49,3375.89,20,0.4,Yes,7388.82,1.59
80d43854-7bfe-4b3b-b21f-269cea789b44,Cynthia Downs,48,732290.74,9846.08,20,0.99,No,28143.07,1.73
e1697055-2094-45f6-8a6a-d865022fda0d,Shannon Stone,50,349304.54,4807.64,10,0.5,Yes,10335.7,1.92
5f427f5e-6fed-48bb-8504-fb6e7b08a664,Lindsay Jackson,58,472822.88,7713.13,10,0.2,No,24419.64,1.6
789f03f5-b393-47cc-a74b-46fc81ba1b79,Brian Thomas,42,180495.47,5432.9,25,0.62,Yes,18232.77,1.48
860acde8-facb-4251-bf9f-2b304ad781a5,Deborah Taylor,57,621284.05,8636.1,10,0.46,No,18485.77,1.35
caf9ef93-11fd-4382-b070-6c65bfbd4bb5,Karen Booth,73,897515.06,9192.26,25,0.99,No,21324.28,1.6
ba180a7b-35d7-4d71-a77e-286ded1e39b0,Megan Carney,72,968129.34,8654.01,25,0.17,No,14418.91,1.84
f0dd48ed-653f-41ab-88a4-e05948c116fb,Kyle Miller,43,591973.57,4485.15,20,0.4,No,48664.7,1.42
4fddcda5-e33f-4721-9362-308f3f23d0ed,Melissa Jones,38,286872.36,3608.25,25,0.04,No,2822.61,1.79
41f48eea-18a6-49bb-b1e8-cd0f536b7a32,Samuel Garcia,32,255484.14,9165.71,25,0.88,No,2568.61,1.32
9df056aa-9d14-40e1-8288-6c504e81363b,Melissa Evans,29,133793.73,2037.48,20,0.02,No,41624.46,1.71
5baff72e-0f6e-4db5-b220-8bd4747f128c,Raymond Thompson,70,573465.12,8130.76,25,0.03,Yes,18706.21,1.24
6a33490a-b8bc-4cb7-a59b-ecbbd3a63d3c,Brittany Horton,37,276157.57,8089.66,15,0.32,Yes,43962.48,1.19
f9b27ae5-ac7f-4197-a7b9-42407afc381f,Mark Martin,41,233452.42,4965.57,20,0.67,Yes,18991.44,1.22
2c50d755-2300-44e4-8427-89b862e1afdd,Rhonda Williams,50,611162.22,5397.98,25,0.04,Yes,1565.38,1.06
621766ea-bc08-4dbb-9af6-3bbef22f00ba,Arthur Berger,26,340505.96,6828.0,10,0.4,No,22810.57,1.19
8b0dc22f-e732-4bd5-af01-bf1e6f5d9c29,Stephen Whitehead,58,751797.81,5311.17,20,0.98,Yes,38304.58,1.65
fffc9561-f42f-47d2-92d2-3f61bf60bafa,Michael Robinson,33,702329.56,1988.41,15,0.58,No,44047.06,1.44
15a50aff-6726-44cd-94b4-701422c8a96a,Jeffery Cabrera,21,534753.02,6122.36,10,0.69,No,6099.17,1.84
c7b1969c-ea10-4ff8-b23d-ed56ccf735b8,Wanda Black,49,835775.59,9151.97,25,0.26,Yes,18803.56,1.23
7fe46655-2efb-4fdf-81d9-bdcb0bbc8b15,Amanda Anderson,30,56579.42,9299.21,20,0.83,No,17432.87,1.95
1b9ec50c-b8ce-437a-8013-ea5410f3b996,Diane Ware,25,539080.25,3774.82,10,0.68,No,41424.16,1.31
08d1ac0c-8a53-45de-a2c5-93e13d8881ed,Lawrence Ferrell,62,522310.65,7608.69,15,0.07,Yes,13675.28,1.18
5e93487e-e82b-4464-9b9a-0d97a3166553,Amy Rocha,57,795988.39,1135.71,15,0.79,Yes,47707.64,1.13
b3d86970-8312-4a7c-96aa-a6eebddbbbdd,Mandy Mosley,64,702609.79,3609.57,25,0.21,No,14240.75,1.74
327e7816-edd4-4ee1-bd83-39a4d931cb67,Raymond Baird,65,918525.32,2290.37,20,0.74,No,29814.76,1.51
2ad3c207-a75f-43b8-9d94-a9f3113672f4,Alex Potter,38,537738.23,6983.54,10,0.27,Yes,23779.88,1.18
918914b2-1488-40d3-aede-4430a9849106,Mary Gibson,65,389224.73,5324.16,20,0.75,Yes,19112.6,1.05
dc0a6605-f530-46b5-b822-5895f316749a,James Harper,24,246867.32,2135.64,25,0.88,No,32259.47,1.69
8fd903ef-cad9-4e81-a430-c65b58c64cd6,Amanda Clark,55,710186.71,9767.14,15,0.72,Yes,11256.71,1.89
f05fc353-5848-494f-b793-dbf49e7ee4ec,Daniel Ramirez,39,840324.76,2365.55,10,1.0,Yes,37617.3,1.21
92143efa-cc54-4a7f-b2c0-afd4aae1cac8,Cindy Brown,28,334080.55,2093.51,15,0.66,No,19651.55,1.98
b20cd67a-986b-48b8-b547-248a34411e1a,Jason Potter,39,961642.78,3990.72,15,0.11,Yes,26363.71,1.31
468f2e17-c766-4763-8564-fabe4dc850d4,Laura Barber,59,541867.18,7672.35,20,0.69,No,20880.78,1.72
fa748b3e-e832-4cd2-a2c7-6ce63aae385f,Jonathan Holt,49,789115.37,9381.15,10,0.16,No,17245.72,1.87
f8a9e955-9dcb-4e2f-badb-21239eacd0f8,Patrick Curry,37,902424.1,9736.13,10,0.96,Yes,32303.84,1.82
15bd36ef-b8c7-4771-82b9-492dcfc66d02,Christopher Douglas,18,985057.17,4465.88,15,0.77,Yes,28537.64,1.28
5b7f2677-f050-42c7-9e5e-9d0568ab1b94,Richard Vaughan,56,293229.97,3425.45,20,0.54,No,15438.37,1.45
e0ae8c43-961c-4c3b-9115-74de46183ff7,Christine Vasquez,27,182610.48,1587.91,20,0.32,Yes,38939.51,1.79
8c2f82b6-f496-4a7c-b881-45b9f50c7811,Karen Lynn,41,580091.44,2373.61,15,0.38,No,31245.86,1.8
4581d297-127f-4386-b69e-3b2b8fe02c1b,Anthony Reed,58,833027.25,1616.96,25,0.68,Yes,44486.8,1.6
40f8902c-5fda-4b38-8284-ac8e726cc57b,Jennifer Rasmussen,18,386824.67,1192.16,20,0.71,Yes,18545.61,1.15
ccf9d7de-2952-4194-8ecf-aa53ca550a35,Kristen Garrison,18,820773.09,6876.31,15,0.48,No,32599.54,1.87
772de4fb-2b2f-40ba-acf9-153566732b2f,Heather Castillo,34,240975.45,4334.83,15,0.09,Yes,24403.55,1.37
9ffa65fb-e7f7-4da1-9712-53bd6e7ae4fe,David Johns MD,31,400310.13,5006.44,15,0.96,No,30232.77,1.8
85bc94d4-6544-4403-b1d4-791c44b8d7fd,James Ferguson,74,682111.13,1081.93,20,0.73,Yes,39344.93,1.92
3eac59b1-4f79-4cd4-8285-52c72501b6e5,Daniel Yates,54,990759.88,3204.32,10,0.69,No,4355.39,1.63
017686ec-2f02-415f-88e1-33f86efb8805,William Campos,36,954057.46,5900.81,10,0.38,No,38225.26,1.65
2d652add-4125-4343-90c7-53730c41be36,Mary Lindsey,40,117805.15,3698.67,10,0.31,Yes,45893.32,1.72
404e3507-924f-41c2-8db7-48cfd07b890f,Michael Adams,47,475530.91,7278.54,20,0.63,Yes,5675.97,1.19
2a788b16-55a5-4c76-9958-56a533754b42,Mark Perkins,46,482304.53,7554.64,15,0.59,No,33424.36,1.07
31234a62-43ba-4859-a967-bfcafba61fb4,Jennifer Clark,29,222999.77,4946.21,15,0.66,No,17527.32,1.43
9ebb0710-43b2-44aa-8a77-332dba538706,Julie Aguirre,31,485954.39,3474.26,25,0.53,No,42616.49,1.51
9f354aca-90b7-4b9a-9758-6480bd9ba82a,David Ortiz,52,329523.19,1550.64,10,0.03,No,38578.24,1.89
ec79d4e2-7aa7-4414-b9b9-c88a5916c3c3,Jeremy Barnes,60,662011.95,7726.78,15,0.11,Yes,17622.87,1.31
8fc127e1-b98f-4d37-886f-4cf6d7064212,Kathryn Cox,56,97221.79,1688.34,15,0.19,Yes,18182.35,1.31
d7ae680a-fb8c-4818-a5c8-df5fa1897159,Kelly Hull,40,571704.03,1192.97,20,0.7,Yes,6332.63,1.47
f7776a4c-3d42-4668-a01a-bd0915b21ff9,Daniel Wallace,27,318699.99,3790.31,10,0.71,Yes,45754.94,1.54
d90c5506-a6b4-4f19-a2ac-c71402416134,Ralph Williams,51,173715.87,6301.38,20,0.09,Yes,13531.38,1.43
25cb89e2-7f0e-4ee6-b7ef-45f4fb2619b6,Amanda Butler,23,930591.93,4428.18,10,0.71,Yes,41290.66,1.95
fa61479a-780b-4f53-aea3-61073c959129,Mr. Shane Watson DVM,67,260560.27,3479.67,15,0.45,No,35807.72,1.6
5bea846c-7005-4e99-b1a3-6a3e20eafa14,April Mitchell,34,186544.73,2940.0,15,0.79,No,30302.75,1.07
82ade80f-a8a3-4edc-aa3b-e6154d4ea6db,Christopher Montgomery,57,62808.95,6400.84,15,0.17,Yes,35245.03,1.98
ec193ce6-77f8-4734-9f7e-df3423a9aebd,Lee Lee,47,196139.7,5522.2,25,0.88,Yes,34417.88,1.96
dbe00735-dd5b-4d9b-9542-5f29b4ae5882,Daniel Lopez,46,131784.01,2826.83,20,0.73,Yes,2729.02,1.07
e394fe4d-7782-4e4b-9889-fe868c5daefe,Jacqueline Smith,50,483002.78,5327.06,10,0.27,No,34869.68,1.49
91888e7c-65a7-4627-b4f1-3fefe9631da4,Alejandro Rodriguez,19,875741.92,3754.91,20,0.92,No,42205.87,1.1
e163cc1c-1bc0-45d6-ac24-8bda6535e476,Robert Silva,30,185058.31,4068.82,15,0.28,No,11696.5,1.81
857bf494-2dc6-4fe4-a84d-a0154017868f,Mariah Grant,34,420912.17,7564.88,20,0.29,Yes,19469.41,1.55
97eefe37-70b4-4bda-b203-86915440492e,Barbara Burns,20,447138.47,3714.84,20,0.71,Yes,41192.57,1.31
a3bf31fe-3b8e-494b-aef6-afc8601f8016,Heather Suarez,60,72423.23,2099.25,15,0.65,Yes,5451.95,1.27
0e713007-337c-4182-82bd-f25c68466b6c,Michael Newton,58,789876.48,1974.56,10,0.02,No,18491.78,1.5
212a1c97-f75d-41d4-b46c-106509533b0d,Cynthia Wilkinson,29,565354.22,5486.22,20,0.8,No,24606.27,1.51
273b7cd8-1e86-4a1d-9e58-bbbc379f20b3,David Jones,53,75961.52,8306.5,20,0.74,No,21905.12,1.82
a0607747-42a3-4312-b141-10bb5c79bb2a,Jennifer Martinez,42,270484.21,7564.9,25,0.21,No,5200.0,1.76
30e7f3d8-df28-4ade-8c6b-639daa7b9d6d,Phillip Gomez,60,995534.57,4117.09,20,0.12,No,48554.39,1.8
1df9f206-49ed-4019-b31a-10a11f32d887,Timothy Johnson,45,949005.68,3457.74,25,0.51,No,41035.86,1.62
bed8717e-8e4e-40fe-a72b-9cc58afe5a59,Thomas Montgomery,67,802924.32,2181.24,10,0.57,Yes,34002.45,1.73
77fec2d9-b05c-4cfa-8fbd-65abf76b6657,Ann Smith,58,729816.21,4241.74,20,0.35,No,4668.97,1.13
0b267bff-5ddd-4a4d-9bc8-9126fa8085b2,Allison Hart,63,856851.67,8250.37,25,0.35,Yes,24166.65,1.76
d0a834a3-7c2d-4915-b4a4-cf4f4568c69f,Kristen Butler,21,422893.87,3171.13,25,0.86,No,21517.67,1.57
e8f261bb-b338-4b1f-8fb9-0e53e8153efe,Joseph Ferguson,47,622253.51,3862.64,25,0.4,No,30551.58,1.52
007fcf9d-10b7-4178-8bf3-3423ee460584,Mr. John Jackson,52,617395.4,9935.24,25,0.03,Yes,36470.06,1.93
833461cd-b3a9-4cca-a115-8b6678723c72,Jon Robertson Jr.,25,740415.33,9054.43,15,0.31,No,19961.08,1.37
7e22e94b-9d1c-4afe-ba30-88d9e79c4764,Alejandro Taylor,44,796760.11,5930.33,15,0.72,No,10863.39,1.88
c01b818d-3a2d-4ea4-a96c-5589b3dfc62b,Dennis Cortez Jr.,51,820822.12,3699.57,20,0.46,Yes,10265.67,1.89
98b4bb2a-67ad-4cb9-a054-fbe98b303bc8,Rachel Stevenson,52,101386.55,1635.53,10,0.13,Yes,47675.75,1.94
1b791ccb-6e1c-49e8-8a7a-886b5af701c1,Pamela Lopez,47,221850.75,5344.92,15,0.57,Yes,11515.46,1.27
dbcfcf05-bb65-4209-9dd2-04fb6d441102,Christopher Jones,35,340740.37,5286.98,20,0.76,No,20166.76,1.71
e7c13623-7988-40bf-8371-cc0819f7344b,Christopher Moore,25,970802.59,3195.3,15,0.35,No,34144.47,1.37
3f5acdd1-453a-4923-b087-ae187fa72087,Christopher Pratt,19,957374.02,8852.45,15,0.96,Yes,5743.51,1.51
de38a7de-7176-4944-b49b-4c61ec8c8039,Kevin Miller,61,943287.56,5641.51,25,0.61,No,49256.2,1.89
2ce668a4-7f28-4644-8fc4-b291434902be,Jennifer Davis,24,660338.34,7209.4,15,0.39,Yes,14960.57,1.52
d01473c0-9df8-4da0-bbb9-43df9632310f,Christopher Rodriguez,18,284341.67,6764.17,15,0.69,No,38788.38,1.49
4802a1de-ce85-4aec-9fde-56fdc52f7ae3,Gregory Brown Jr.,33,357340.61,5806.82,10,0.41,Yes,35924.23,1.73
d6f81844-cdd6-413b-8dfd-256562f62b7c,Beth Stewart,43,662494.27,3450.09,20,0.46,Yes,29770.41,1.23
4c029252-5bce-4a9a-806e-7f066b83cc81,Hailey Middleton DDS,38,754183.63,7920.39,10,0.61,No,29901.19,1.96
f74e21a9-b016-4e46-92da-22b8fd96ec0d,Noah Holmes,28,589648.78,2307.39,20,0.19,No,14250.49,1.96
8486542b-ed2a-47a5-87cf-15fd7af65b91,Bobby Price,56,367241.85,2000.9,20,0.37,Yes,4441.46,1.38
35559eb8-f0cd-465d-8656-987e88273ef5,Vanessa Palmer,68,885024.42,4861.11,25,0.63,Yes,38523.48,1.41
bee03fbe-1a15-4421-9f3d-f6184b6c5063,Monica Ferguson,67,104596.8,5658.32,20,0.85,No,44558.33,1.59
169db281-3953-4e5d-9d7b-4e3a81bbe563,Christopher Wolfe,38,442313.22,4868.59,15,0.91,No,36930.22,1.36
cc30cc7c-8c98-455a-8a91-96125a2f87c2,Michael Vazquez,65,741737.05,2786.9,15,0.65,Yes,25704.61,1.82
52a8bfd4-7d52-45df-a017-69515e8e8654,Melissa Hall,20,174973.37,1155.63,10,1.0,No,25556.46,1.39
ba3a59ed-ac6b-40c0-a13d-81e83940a403,Brandon West,51,522928.57,8006.42,10,0.34,No,15212.65,1.06
e63e2ebb-4cf2-427f-913e-6f6d6c69b87b,Joseph Edwards,62,566378.15,8953.22,20,0.44,No,14126.77,1.77
bb34ae1b-00aa-4062-b540-59fa0a33cfbb,Jason Lynch Jr.,33,793323.89,7296.83,15,0.73,No,22381.51,1.56
25da36d6-b667-463c-bdc0-982de46e6944,Melissa Davenport,20,208019.84,7097.43,25,0.04,No,27302.36,1.33
33d8d432-67bc-4afc-a54d-4a44da97a1a6,Emily Smith,26,208335.75,4824.96,15,0.75,Yes,14179.27,1.22
58055de0-cea0-41f1-893d-66f5363b3c6a,Rachel Maxwell,52,730123.98,2588.12,25,0.83,No,13745.71,1.54
52d0caca-c877-4fbf-bb99-42b465f686a1,Deborah Rodriguez,58,252681.35,3502.49,10,0.41,No,16091.18,1.9
f1dd0e98-8438-4633-b534-a928e35c6faf,John Lowe,33,697947.69,9260.03,15,0.3,Yes,25668.01,1.63
e40d4610-8e93-40a9-bbf1-ecb6dd19d7ac,Adam Short,52,398027.33,2020.05,15,0.1,Yes,21677.71,1.86
63b008ea-2335-4988-aa8f-068f25de6d2a,Gabrielle Fletcher,23,655979.14,9059.23,10,0.91,No,27773.3,1.31
927032d8-e92b-4437-aaa9-1b80df78ae00,Terry Hunt,56,801971.57,3581.83,15,0.54,Yes,41000.31,1.69
12da252b-3f41-44e5-acdb-b4fe5a479147,Timothy Castro,22,328928.02,9695.47,20,0.9,Yes,12052.93,1.3
d8b411cb-afbf-4e37-9cfe-1d9b6ad4f20c,Bradley Zimmerman,65,108066.59,2860.34,15,0.08,Yes,34407.8,1.11
31487144-80f5-41f3-9f84-c6e5ca1dc793,Timothy Mendez,30,369286.87,4740.96,25,0.74,No,24396.37,1.31
486a92ed-95c2-4e6b-a277-32f054d0e936,Amy Rivera,68,477804.58,3771.27,25,0.04,No,380.7,1.1
986a7c2a-6e7c-4266-aa45-2752973c6ebb,Tracy Richards,34,901923.5,8402.2,25,0.66,No,21165.94,1.33
af20da04-138b-4525-b129-d93a56c0572d,Victoria Stein,54,514040.74,8634.87,10,0.42,Yes,37905.05,1.51
39f19509-8ded-4be5-a131-dd56dc6b5d3d,Dr. Paul Stein,39,468590.2,8219.25,10,0.3,Yes,14484.2,1.4
57db647f-a124-46ca-9df5-2df9d0b5a722,Jessica King,62,460077.6,6243.52,20,0.56,Yes,17500.66,1.33
39142998-eb0b-4566-a6c2-1358b146efb6,Manuel Ray,54,950566.37,3653.65,20,0.61,Yes,40544.9,1.82
3f73ef86-813f-4246-a3bc-1df246ae6b62,Kelly Hampton,55,931225.33,4215.52,20,0.11,Yes,25338.49,1.79
3879bb5b-18c2-4da7-92f5-849fc522909f,Susan Gutierrez,53,199726.13,2714.12,10,0.59,No,38747.71,1.56
026e349b-96f3-478c-a37b-2d98aa438107,Natasha Roy,37,677853.9,3490.43,10,0.63,Yes,15360.98,1.28
46f3f350-95af-40a4-9d60-523956b4ca88,Jennifer Lloyd,39,755704.27,4601.26,15,0.03,Yes,42214.05,1.63
8a2d3b31-f127-4bff-8560-a727b1cbf4ff,Kristen Lowery,65,120749.65,8209.25,20,0.88,No,9802.35,1.61
22da3418-c819-476d-a019-434e32d45b4b,Stacy Ballard,74,379206.52,9724.49,20,0.29,Yes,25503.36,1.59
589d2a0f-1c8c-4942-aff1-50800d03ead3,William Dean,69,394617.34,4615.98,10,0.47,No,44216.67,1.08
e2405386-84bb-4b48-8ec8-37c69b204f18,Cody Smith,58,834503.5,3967.7,25,0.59,Yes,48959.61,1.67
c7a673ba-7a01-496d-85fc-a125f358db20,Susan Johnson,61,204576.93,7694.05,10,0.72,Yes,17031.12,1.66
7e2a08d0-f5cc-46d4-9ce2-ed757ecf0118,Tracy Bishop,70,734850.0,6013.2,15,0.77,No,10075.31,1.69
5f3b22a5-603b-47b0-9f38-cfa35c994e77,Kyle Anderson,43,994028.26,3270.98,10,0.19,No,25172.29,1.82
c126f4aa-218c-4306-a44a-3860acb78017,Deborah Diaz,27,83141.28,5712.69,10,0.96,Yes,39848.4,1.69
fb7e718f-4ce5-477a-ae59-eb2158350280,Christopher Miller,43,356642.79,4689.5,15,0.94,Yes,47214.6,1.34
28ef1222-4eee-4c64-bf25-d4303d39005a,Robert Lee,33,362016.04,8766.96,25,0.29,No,7603.38,1.13
774b4996-1edc-480d-8404-dd62d14feb29,Phillip Cooke,60,175468.76,9027.86,20,0.42,No,19628.17,1.14
56ae4266-601c-459d-b576-341f8efe9cde,Katie Johnson,47,131829.7,7289.6,10,0.19,No,1007.1,1.48
704449d6-15cc-4de1-a862-d9de7ce3756c,Elizabeth Rodgers,57,141619.93,8415.11,25,0.62,No,17568.52,1.35
b400c866-be0d-467f-be89-966066d373a1,Anthony Ellis,54,648685.58,9255.81,20,0.16,Yes,13421.38,1.4
8e7a33ff-544d-4065-8b8e-cef1bce27622,Maria Scott,40,436709.77,9889.41,25,0.99,No,34691.79,1.81
5c59ecb0-86b6-4405-b34d-ca062caa6b58,Allen Gordon,37,529801.72,1128.6,15,0.56,Yes,25493.29,1.49
6628bae3-310d-4ecb-8a19-a8eeefa2a04e,Jennifer Martinez,55,927896.36,7429.86,25,0.95,No,8271.06,1.96
eb4422b2-27c4-4271-bf9d-66181642f97f,Eric Thompson,72,786820.76,9275.24,10,0.96,Yes,7941.37,1.6
a83cf11e-6066-4f01-8ecd-b5015aef16d2,Seth Bailey,49,935096.97,4305.13,15,0.38,Yes,15271.09,1.64
5b5db18c-319f-4d15-a966-52e17f6087af,April Rojas,36,487402.7,5961.25,10,0.42,No,4501.46,1.32
b69538ef-6d9f-41d2-916e-9f4474f70e6c,Paul Hunt,70,174699.86,8495.74,20,0.04,No,27821.98,1.48
d6ee01f9-0e64-4c8d-a79f-64433bdcacbd,Ann Castillo,20,850397.14,7322.11,10,0.9,No,2421.54,1.3
dc0683d8-8551-472a-a201-f1b4a3f5cb03,Charles York,53,85904.68,8021.06,10,0.65,Yes,43197.83,1.93
8acf9cb5-8bc4-4ce0-926a-079b4972a054,Robert Wells,70,153535.17,1623.77,15,0.29,Yes,22747.82,1.46
82fd804f-acf7-44d6-8b19-cdc755be920d,Danielle Brown,53,142404.86,2550.96,25,0.64,Yes,26933.33,1.58
cf285182-0555-401b-9136-334463a4b955,Bobby Carlson,33,376638.76,4195.8,10,0.47,No,36676.31,1.12
eb173f26-7d18-4701-b8da-f3d0f5207cf1,Robert Gordon,47,312526.78,2417.91,20,0.74,Yes,33998.39,1.06
0ba98976-46c2-49db-a470-b61c6c42ccb7,James Robinson,61,382920.15,4919.7,15,0.21,Yes,3984.5,1.18
c43e7469-b4f0-4b73-988d-72c1a3a6237a,Monica Bailey,53,77118.25,5178.72,15,0.05,Yes,681.25,1.28
6bfb2c43-1bd9-44bf-8dc2-9f23ecaeb174,Alexandra Mccann,34,335398.76,8239.22,10,0.19,Yes,24809.27,1.81
72999a0e-e46e-4c4f-a5a2-3ff649cbc2b8,Timothy Fleming,42,866024.28,4614.2,10,0.72,No,39037.76,1.12
536bc9d1-7b47-428d-9e44-795d13458c4f,Peter Jones,54,937448.04,7752.05,15,0.67,No,48376.87,1.41
93bf1ac7-ed4e-42e3-92fc-b063a75e6700,Cory Barnes,35,492897.26,2055.82,25,0.17,Yes,25803.63,1.35
1b4996d9-821f-418b-8c28-18b85daa571b,Sandra Barker,38,341297.46,1207.34,20,0.78,Yes,9547.35,1.95
5bdc446f-8f87-4391-8dd1-b9c51065e6ff,Deborah Wiley,64,957228.5,2386.64,15,0.43,No,46422.67,1.66
e9618043-7b03-495a-9ef9-5de27562bd2d,Charlotte Good,70,592063.06,1654.46,20,0.04,No,46577.51,1.64
df719caf-b7c6-470c-a1d3-4ea5958ae296,Samuel Rodriguez,38,620295.89,6198.03,25,0.24,Yes,2889.34,1.75
eb382aae-04e5-4e1a-b8fc-8ff9cbe4cf32,Tiffany Rhodes,63,472132.24,7451.52,10,0.35,No,9581.28,1.87
63ddaa36-0117-41f6-96d1-9ffd601bb3fa,Kevin Bonilla,29,689478.83,9724.94,15,0.78,Yes,18315.1,1.1
e9f5ada0-253a-4432-a840-657006f2128d,Kristen Wong,24,945599.85,9894.66,20,0.52,Yes,16438.73,1.54
e989b4ca-f848-4f24-874b-c61624841397,Gregory Smith,56,458537.44,1902.66,20,0.2,No,21040.37,1.99
3747c566-29a8-4bfa-9ef3-60db5d0422fc,Stephanie Sullivan,35,543466.34,1399.18,25,0.04,Yes,9450.05,1.89
7ca17a42-8fa5-4cde-8d27-9198565fab64,Anthony Bailey,38,915423.36,7092.12,15,0.95,Yes,47520.12,1.29
b92fab94-fc99-4b09-8330-5106973eba6b,Stephanie Henson,22,514691.17,6326.78,20,0.07,Yes,28413.12,1.87
f9409073-de8d-4341-9d85-765009ff10a8,Adam Moreno,34,947983.92,4296.19,10,0.06,Yes,8130.96,1.07
e4d771b3-a43f-4923-b7dd-b702192e1fe3,Mark Cowan,32,656384.74,9349.71,10,0.66,No,2567.95,1.94
850d0485-6c42-4304-92bd-05c3235f5d1a,Kelsey Sawyer,53,755213.16,3647.28,20,0.13,Yes,43788.2,1.56
bde53f11-cc18-4b6d-bac2-446ce53cbfce,Cole Gallegos,57,790130.13,2106.55,25,0.89,No,37520.02,1.29
f49e5f7a-c74d-4659-9c0c-00abc0bf64a2,Lisa Schmidt,44,324829.21,1836.8,25,0.76,No,3949.83,1.89
083c9f9d-72dd-4310-acdc-e0edf35125d4,Brenda Frederick,41,378441.52,3191.94,15,0.89,No,16549.19,1.94
7d9fae0d-3add-41a5-b026-bcd7e68dfe2a,Kelly Tucker,20,541648.64,1627.87,10,0.99,Yes,4583.38,1.55
5cbc4a70-cd55-4bbc-9263-572740cbd55e,Karen Ramos,31,234377.5,4505.76,10,0.27,Yes,19207.96,1.72
545b2653-cfc1-4756-9383-44e72bbdab37,John Brown,45,941118.71,8323.62,10,0.05,Yes,7545.56,1.77
29d2303f-5320-46be-946f-bda2dda039da,Patrick Scott,41,921712.77,9802.41,25,0.1,Yes,22582.56,1.21
22be2462-f108-426b-a4c0-c5d5672cd19a,Michelle Adams,53,506937.41,9213.6,20,0.56,Yes,10544.67,1.35
00a7e4d7-1f59-4580-b417-1bf0a571a863,Megan Wilkinson,61,447196.78,4325.09,15,0.94,No,29659.29,1.59
a40a3bdf-c439-466e-aa75-4172f9539896,Karen Johnson,37,296256.53,1632.72,20,0.22,No,2873.27,1.05
da33847e-bad3-4f2c-a35b-26a8dcabae5a,Christy Martinez,40,905022.19,1661.63,10,0.96,No,30867.97,1.93
f3cecc58-2be5-486c-b4c5-b3300acee2fc,Susan Kane,49,666263.19,2436.14,20,0.72,Yes,20759.65,1.19
ca4c97a1-14f4-4bae-8e45-970e5687174e,Timothy Johnson,66,810883.91,4829.26,10,0.57,Yes,8429.92,1.13
081a206b-c021-4b8d-8a12-4cad119722f4,Emma Jones,59,263545.07,2553.2,15,0.85,Yes,17214.58,1.09
4f986cff-af22-4423-937a-cbc58cea75b3,Pamela Williams,38,827968.84,1678.22,10,0.28,No,34310.2,1.8
c18184b2-e42b-41d3-8ae8-bc8613b5cc96,Stephanie Alexander,33,842329.95,4116.08,15,0.95,Yes,14925.23,1.68
fec35678-f8f3-48de-819b-88759bc05462,Colleen Franklin,25,103513.72,3041.94,10,0.99,No,33551.18,1.06
b6ff6cca-dbc2-4fa9-8a45-e59dc73df933,David Rhodes,39,236558.53,5566.62,25,0.12,Yes,41411.76,1.87
e792eb47-cd21-4d44-9b74-e13124f8ff39,Kathleen Gordon,59,440662.24,8689.85,20,0.27,No,44554.78,1.89
2df80dc3-7a66-4cea-9d49-bfcee1ad6eb9,Jeffery Wells,56,630098.87,4439.49,25,0.25,Yes,7075.79,1.53
b9488b9d-5c33-4484-a4cc-27261e08fb71,Jessica Johnson,63,213487.92,3984.71,25,0.0,Yes,18499.31,1.23
f26fc1c9-2872-49b2-b173-ac463a660e73,Kelli Patton,58,310451.03,4455.26,10,0.75,No,36533.15,1.47
83d1b2c6-6fb1-4c23-aa49-32042fd97b87,Stephen Brown,45,553045.85,6313.66,15,0.64,Yes,28165.87,1.86
4e2f9838-dc7d-403a-8754-82e655ade155,Megan Long,62,645168.27,6089.49,15,0.35,Yes,33828.67,1.51
5a7a16b6-e728-4fc2-8594-2b2154ac2ffb,Ashley Phillips,51,752078.24,8711.24,25,0.04,Yes,38191.88,1.24
629c1af3-ef1d-48ab-a840-1f82cba80486,Lacey Allen,19,389244.52,9538.85,15,0.66,No,5867.73,1.71
895077e8-5ee9-4312-a0a5-9a34ead1b2df,Daniel Kelley,60,169182.01,4078.59,25,0.88,Yes,12544.26,1.84
07b7d101-a9e8-4bba-8fc2-f277bf5f6418,Edward King,75,381222.1,8256.48,20,0.72,No,2119.22,1.51
3a9ae32e-533d-4046-b3bd-d318102d7165,Bonnie Murphy,32,275887.7,6211.31,15,0.92,No,46081.55,1.11
034bbf8e-1f0c-48b0-a921-57d67d42ccdc,Rickey Lewis,49,692976.33,2823.26,20,0.99,No,36902.77,1.2
31a8e850-0046-45c5-bfed-d4dce1a720e4,Timothy Stone,49,833546.77,7559.2,15,0.95,No,38518.61,1.92
2a367bea-474b-49b8-ab77-bbdfb086c605,William Coleman,27,399204.42,9460.7,20,0.15,No,20713.37,1.15
20b62291-a29c-4eea-be35-f77c7a900388,Dustin Flores,63,777226.78,4801.15,10,0.9,No,32490.8,1.59
4767b11e-393f-44a0-b204-f5f348e868ca,Felicia Nicholson,55,184707.87,3962.93,15,0.21,No,9558.61,1.55
7db79e6a-ca13-4d5f-8950-24d854d0a2c0,Jill Valdez,53,932981.71,2332.99,10,0.48,No,33965.43,1.62
2925ec0e-1fbb-444d-9f56-16ac986a181e,Matthew Delgado,25,542563.29,2542.8,25,0.49,No,23727.23,1.63
20c6e29c-5a01-43e6-a806-c39204c85d42,Edward Novak,29,424774.97,4923.34,25,0.43,Yes,9058.25,1.7
e64e56e2-d7a8-4829-9982-68d1447f7e4d,Dawn Harrison,22,202765.17,6328.32,10,0.13,No,27334.57,1.11
e6dc157c-929a-4049-ac15-8aec5fa0744f,Brad Walker,59,563927.63,2521.62,25,0.35,Yes,40954.52,1.21
7f0f3dbe-4f0d-49f3-82a3-0c259a0a760e,Erica Hall,74,738703.75,1139.22,15,0.94,No,26314.27,1.9
cf6ee458-d48d-4c0a-9952-c75438126d1e,Frederick Carter,64,200440.63,5229.8,25,0.54,No,17021.72,1.45
6127285f-bfe8-48e4-8d0c-cc05f087ac40,Alejandro Stanton,25,782999.41,9661.59,15,0.94,No,41872.11,1.99
50ac7e00-4bcc-4838-a374-c43129c9c4ae,Jacob Arnold,48,316402.13,8584.6,10,0.41,Yes,28436.56,1.85
ad046d4d-7278-4346-a3ff-0ef9b2a08581,Robert Giles,37,815982.1,2609.01,10,0.77,No,48908.77,1.31
ffb508df-46cc-4d96-8be7-258a78096d8c,Raymond Shaw,31,105227.87,4477.14,25,0.75,Yes,9973.43,1.98
1bcace07-9413-443a-8506-985a7998ef5c,Ms. Deanna Clark,56,238616.92,8344.28,15,0.44,Yes,35404.19,1.18
1286625e-f180-4bf0-984a-e5a019d8a19c,Elizabeth Johnston,75,151018.54,1669.22,15,0.63,No,48863.93,1.36
6d127cdc-bbf1-4a4a-939e-e487962a591f,Megan Smith,54,432662.88,9174.12,15,0.57,No,31793.88,1.52
de45c870-365a-4584-9bc1-8312a1284c7e,Carlos Franklin,57,637636.06,7598.61,20,0.57,No,46025.52,1.93
80763d47-e9db-4d57-ae7c-fbe591755695,Leonard Smith,66,550408.48,4048.15,25,0.57,No,29963.91,1.72
3ef3773b-df0c-4739-a1ab-e2db5cc002cd,Mary Aguirre,49,601181.62,5881.74,10,0.09,Yes,25617.42,1.27
c1a74fe8-93da-4192-bf7a-60cd449ba8d2,Dorothy Phillips,65,841447.69,8576.43,10,0.52,Yes,25699.96,1.35
7afa1429-baaa-4179-9c00-2b3a1199850d,Anna Peterson,35,122293.67,3419.9,20,0.38,No,16908.87,1.86
7781a940-24c1-4654-ae42-40ae960a30de,Steven Davis,41,306306.0,6150.57,15,0.94,Yes,38776.96,1.13
7e4f86f8-e005-42b3-8b3a-86120499846d,Mark Henderson,40,136827.65,6317.12,10,0.03,No,7959.74,1.95
37275b66-46d3-449f-8da1-c6a71e8a6f27,Erika Fuentes,70,957571.75,7424.38,20,0.67,Yes,36927.55,1.38
16560163-ba50-49ec-8506-1216aeebc5cb,Paula Booth,72,342338.43,8377.15,10,0.22,Yes,14698.0,1.25
14c9a201-0d10-4be6-9a29-6f2230eecaeb,Christopher Smith,69,787691.21,8443.63,25,0.56,Yes,36597.22,1.7
78944d8f-87e6-41f5-9160-d8761f353326,Kristopher Miller,25,466057.86,8064.72,20,0.92,No,8477.14,1.06
3f56273e-03cc-4869-ba9e-87eb7cd5da82,Dean Hart,33,995477.36,3442.03,25,0.92,Yes,6871.72,1.59
7a9d120f-5126-4008-bffc-173846836bae,Karen Lawrence,73,729913.7,2731.56,20,0.69,Yes,18484.21,1.96
5abec883-c94d-4656-8743-16187589f293,Ms. Paula Smith,55,142269.69,4552.26,10,0.07,No,22370.26,1.71
c6ca618f-94a0-46e4-8b34-a0676b525d56,Audrey Martinez,23,481830.51,5752.67,25,0.05,No,1954.18,1.64
e8abf7fc-e2c9-4a01-8151-9ef2d539bcda,John Snyder,53,131691.71,1942.79,10,0.49,No,27777.56,1.19
75851f36-538f-41d0-afdb-6635322239af,Brian Reynolds,25,454570.36,9268.45,15,0.56,Yes,36818.77,1.05
9a6f4500-3de2-4862-b401-a758e721fc35,Dr. Ashley Boyle,53,603034.41,8903.71,10,0.04,No,14563.72,1.72
2b891f24-05a5-48fe-9dcb-e22cee9cb57a,Emily Hawkins,27,120663.28,3815.94,10,0.61,Yes,40401.91,1.14
60a87d91-e6d1-4f2e-9ba3-896a96c8197f,Matthew Ruiz,49,954835.29,2251.47,25,0.09,No,25605.98,1.56
a8029202-ed60-4222-a176-77627056c26e,Robert Mcmahon,42,80050.42,5191.87,25,0.75,Yes,27584.25,1.46
717b5103-207a-44f5-8235-927b854d6243,Jennifer Williams,25,226190.35,6811.41,15,0.29,Yes,28674.93,1.38
c62b3224-e810-4b8e-acdb-b23286e4045f,Kurt Sanchez,33,448222.22,4164.97,20,0.9,No,6219.47,1.3
3302ed04-3d36-4e45-bdb3-1a95e37ff639,Jordan Lopez,19,845752.79,1432.95,20,0.04,No,26723.58,1.69
6a79dab3-4c11-43b5-9f3c-b27d446c0ae6,Chelsea Potter,35,525131.49,5118.7,15,0.45,No,38129.81,1.1
e25e8bb0-4466-4012-907f-8d14c53cd5f9,Thomas Richardson,65,55177.33,3809.29,25,0.72,Yes,15886.84,1.96
c613f4f8-83be-4b60-a837-77bda3727dfa,Darlene Freeman,27,351257.08,1995.56,25,0.14,No,47807.94,1.97
02fc4fca-5ea9-4884-b802-8cc62fc546e0,Tamara Miller,22,455272.93,2537.52,10,0.18,No,5705.45,1.65
f08bdc27-d120-4f15-8bd9-a3a0208757a2,Tony Lamb,37,300990.4,1369.9,10,0.25,No,21496.88,1.84
a7fe30b9-d808-43dd-b6ba-74e46a508bda,Paul Brown,70,704027.82,3166.31,25,0.28,Yes,43453.68,1.94
ea674c07-b158-46e1-9802-07f188ea3b63,Jennifer Joseph,74,567928.79,9772.2,15,0.79,Yes,5656.68,1.57
38ed4728-b7b6-4a0e-bd81-43b87f78d7ec,Shannon Torres,44,253960.99,2735.49,20,0.45,Yes,11136.11,1.3
e296828b-44f5-4ac4-b8a7-5cde9edf3929,Bryan Collins,66,376814.89,8572.8,10,0.51,No,2740.26,1.24
c9919062-5708-4842-954e-8345df34ac1f,Tina White,23,865781.79,6660.69,25,0.52,No,4825.05,1.65
24610b30-e379-44bc-8811-c422fce7e470,Vicki Smith,26,395093.25,9906.33,20,0.79,Yes,12348.98,1.52
5bba0fb1-47e9-4cee-a3d2-d3049c2622db,Jeffery Hendricks,57,856309.13,2240.24,25,0.32,No,39827.81,1.7
985cc27b-fa02-4b50-9407-fe8d689ce674,Michael Garcia,30,120298.67,1690.17,25,0.99,No,6348.0,1.14
04418a64-257e-48e9-8269-e3f0b2eca4d8,Darrell Abbott,39,556831.76,8279.46,15,0.32,No,30778.69,1.86
5278ce51-bcdc-4761-a297-87892202b4bf,Dr. Timothy Matthews,51,735855.25,9138.25,20,0.16,No,33607.23,1.84
8088b665-1911-4627-9861-afb1f43c4699,Laura Knight,32,311397.84,7384.48,15,0.22,No,43467.23,1.94
3e40f947-8b34-4c41-adb4-be43b3cc0dc8,Connie Garcia,28,277040.42,3591.79,15,0.11,Yes,19582.99,1.74
fc0d2cba-9b93-40a3-8918-2fe8b93ce7e6,Tiffany Petersen,41,942426.18,9497.8,10,0.48,No,30941.12,1.6
80e40021-57b6-4f59-96b2-0c167793b5f4,Dr. Shelby Williams DDS,19,890091.78,8999.25,20,0.75,No,2738.44,1.25
c7ec1afa-6f3f-4023-98aa-0d7551486e15,Felicia Page,36,241871.3,2056.28,20,0.94,No,7680.62,1.44
8b471fee-f417-4949-be8b-931f4a1ed39e,Sarah Moreno,44,263374.66,8772.07,15,0.85,No,26847.66,1.27
54de1310-1620-4500-84a3-6d1122bf3693,Michael Hernandez II,32,961661.41,4547.46,25,0.68,No,8726.11,2.0
e32ae5d7-329c-4860-a1ea-0935c6df5175,Martin Ingram,59,161091.96,6188.71,25,0.69,Yes,23288.34,1.52
251c759e-43e3-47d5-bf06-00aef7e6aeb4,Benjamin Adams,66,440044.73,9377.03,15,0.79,Yes,41246.87,1.46
5a896cd2-7d7f-4d89-aab3-4032fb080f8e,Amanda Garcia,21,743729.66,6118.49,25,0.43,No,22172.78,1.06
5329a1d4-090c-4120-87d0-4de9da487914,Samantha Malone,54,468421.53,6435.11,10,0.1,Yes,45425.16,1.82
271e8bb2-9fbd-495b-ad11-4b71f831710b,James Barber,59,706614.53,1204.36,15,0.15,No,21775.01,1.85
c555007a-d7fa-4a1d-888c-8c4b92b0f552,Michael Martin,20,97161.22,6596.37,10,0.86,Yes,41848.9,1.16
1f56ea2b-adea-44d3-a847-24f759677de7,Jennifer Mendoza,52,244723.61,5373.3,25,0.33,No,28405.18,1.6
17fbc719-501d-435c-aad2-c9832f0fa2d2,Deborah Butler,65,272124.95,8190.54,25,0.67,No,24490.19,1.59
e8842392-9bc8-4157-88e3-4a877ac59f2c,Christopher Hanson,69,549815.3,9509.61,25,0.93,Yes,36576.81,1.37
f9adf8e7-f885-41f2-b58c-95464b6006f1,Thomas Clark,53,908960.12,6417.34,10,0.96,No,37888.46,1.52
9402d61b-66fa-4990-8aec-607cf8b8bfc2,Christopher Nichols,51,481508.5,4890.13,15,0.3,No,24123.79,1.43
2204c1d0-4f24-4d8f-8c2b-bc059bf50274,Kevin Anderson,24,914856.53,2647.34,20,0.72,Yes,15609.52,1.32
aca06e4b-0e26-4edf-9fe6-a736b37aef1f,Nathan Stephens,39,832101.6,4117.56,15,0.48,No,28236.36,1.51
1156248c-94a8-4b07-8cca-39f134fa7c61,Sara Shea,23,760132.56,5671.74,20,0.97,No,22677.57,1.19
a27fb66e-0a07-407e-86e9-47afd8f56336,Trevor Shepard,62,646050.91,4430.18,25,0.24,Yes,25727.12,1.75
5bf24616-f3d9-4f2e-bab5-6a21ab6720e8,Chelsea Stone,42,334342.7,4900.35,15,0.54,No,39667.91,1.49
89692f06-2e61-4742-a95e-92080a2874b0,Max Miller,70,239701.26,5348.95,25,0.34,Yes,46253.36,1.96
c6e6a64a-8ecc-4a4c-86ee-4ae56aa73960,Charles Moran,47,211897.62,2829.22,10,0.89,No,46081.67,1.6
c855565a-bc56-48af-a449-00f829886cca,John Lewis,23,552727.72,1748.11,15,0.76,No,29524.87,1.43
98bb403b-4d8d-4670-931f-afd26aba1d7b,Thomas Torres,34,204581.1,7089.0,20,0.58,No,46852.84,1.64
cc8eae8e-badb-4875-b1cc-5de517db4460,Tiffany Spencer,27,69553.94,9306.94,10,0.43,Yes,49034.29,1.55
edd2ca5c-168f-4e32-8a73-13ad8ca1644a,Clayton Archer,59,652831.38,7822.85,25,0.23,No,297.43,1.34
ebae7318-d2c0-4e11-9506-6f664a83cb61,Andrea Lucas,70,978348.74,1653.54,20,0.48,No,49273.49,1.36
77691422-2414-4444-a151-36bda03be3ae,Jeffrey Brooks,46,677782.29,9320.87,15,0.2,Yes,8331.62,1.9
1c20df97-91c1-4dd3-8d0a-f312fbce9efd,Rebecca Hansen,60,840642.49,3484.07,10,0.88,No,30941.01,1.15
29e76d33-3113-4516-a0e7-7336161b878f,Christine Robinson MD,58,734055.95,9107.07,10,0.1,Yes,13740.08,1.6
709d311d-9c74-4be9-b4db-aa49bbe45d42,Claire Rosario,53,897597.67,5085.18,25,0.72,No,24211.44,1.27
8ceb9ea6-9a2a-477c-bd3b-573eb59dc2f0,Carrie Bird,50,72299.7,6849.57,15,0.16,No,15124.65,1.81
c037bdfd-e393-4314-8de7-5e7c81352fce,Crystal Castillo,26,283960.14,8925.74,15,0.88,No,45589.1,1.73
232dc647-b920-4b1a-aaa2-9990a1d4facb,Anthony Alexander,46,283735.38,8547.11,20,0.14,Yes,22843.47,1.18
77418e21-71f5-4b8e-9f9e-8db9b280e1c6,Clarence Jones,74,526149.94,3610.33,10,0.53,Yes,44979.08,1.92
fd573a34-af2d-4254-a53f-9363981970ba,Allen Olsen,37,269781.5,9674.76,20,0.88,No,11492.12,1.08
b4f248ba-b127-4c41-b0aa-852790bd2f0d,Kelsey Powell,37,198401.7,4594.14,25,0.47,Yes,23741.53,1.32
98080498-f050-442e-9a9d-0ae292161f9c,Barbara Haynes,72,962309.04,4114.48,25,0.49,No,25796.56,1.75
eebe1237-6d1a-4b88-846b-830bc75d03a2,Debra Smith,72,729552.42,5544.55,15,0.39,No,2624.23,1.45
0606b955-8501-4ff0-b2ee-7de6624c9e61,Tanya Roberts,57,617736.0,7899.78,20,0.29,Yes,48767.35,1.57
621af585-f03b-4e19-97c6-2533d51c07b1,Christopher Le,26,444946.27,8631.05,10,0.16,Yes,16125.96,1.15
54b4ed7e-7686-49ce-b9fc-f7ae9b055935,Rodney Moody,25,218384.0,5082.84,10,0.91,No,35620.39,1.33
17279531-5b0e-4cce-8abb-ea9a5d0bc409,Mary Howell,32,580322.39,2438.14,20,0.16,Yes,16748.53,1.05
dd583279-f50b-4f30-8db6-1108d7924135,Curtis Davis,37,718832.01,3119.83,15,0.93,No,2243.19,1.75
242d2732-f64c-4c4b-bc78-71a02763cb13,Timothy Bender,36,307809.35,4078.36,15,0.23,No,17676.24,1.44
b8e8e591-b9ab-4b9e-beff-e9e1684b5148,Rachel Patrick,53,638355.02,8287.89,15,0.03,Yes,32486.9,1.29
c68689ff-c281-4b69-867f-2d2310c020ba,Jeanne Howard,68,59519.54,1599.94,15,0.95,Yes,36771.79,1.61
059ab5f6-86c6-45c3-8ecb-2844628b4294,George Holland,75,375223.91,5847.8,20,0.98,Yes,38089.09,1.94
4c61e0ef-ddac-4158-9bd9-f2405b658c92,Dana Daniel,40,340670.28,6920.46,10,0.6,No,23024.37,1.3
e5fe8cef-9a97-43df-8ca4-24c1798a7f45,Drew Watkins,72,739652.59,2657.08,10,0.79,Yes,40106.1,1.75
e326e092-0919-4699-886f-7339f1211706,Rebecca Lewis DDS,68,885820.91,6046.6,10,0.2,Yes,11799.44,1.62
1767066c-ae2d-4587-bd0f-9155dd41727b,Susan Allen,20,264194.93,9134.94,10,0.75,Yes,34100.72,1.78
17b1417e-e023-4246-a00b-993d87084db1,Michelle Freeman,34,705783.62,9616.65,15,0.35,No,28064.64,1.89
c9e5ab96-e53f-4fd8-9cca-e0f900077400,Shari Cooper,34,258199.04,8775.72,20,0.94,No,15494.85,1.93
6b5a1c9a-1245-4acb-a7c5-af843080097c,Amber Black,55,297292.66,2185.32,25,0.23,Yes,38882.36,1.86
01fa57c4-e7aa-4c4f-9ce1-40ffec508479,Lindsay Martin,20,113426.34,3855.72,15,0.22,Yes,14113.74,1.56
4bf9780d-b0ac-44d7-b1eb-d5657252446c,Omar Cruz,73,498267.75,6114.85,20,0.56,Yes,43098.52,1.84
9e0840b9-5d22-4591-b559-5e079386cdfe,Cameron Baker,64,249273.36,4294.48,15,0.21,Yes,40804.82,1.42
000df6cc-50a9-46c3-a0fa-e7c79664c86b,Katie Orozco,18,139670.16,3714.13,15,0.19,No,22503.73,1.81
c0913043-b918-4c01-a5d8-6897bfb9f628,Mr. Robert Martinez,57,413762.13,4644.19,15,0.3,No,31395.11,1.71
2aca776d-6f2c-46ae-b46d-b1861f4dc5ee,Kevin Harris,29,202390.87,5436.66,20,0.68,No,18798.31,1.96
cd10fdec-71ab-4cdc-8857-51e3bc9fa98b,Jeremiah Warren,51,433984.59,8969.25,10,0.59,Yes,41603.0,1.4
b961049d-c4c2-4df0-af1d-6f901b87c388,Brenda Church,30,888114.03,3743.34,25,0.22,Yes,20165.57,1.32
6fbab055-34e7-4e66-81d9-1a838796f682,Kaylee Hicks,68,498613.56,7335.47,20,0.91,Yes,38087.21,1.28
5764faaa-a073-4607-a577-599124b02e0c,Jared Scott,70,571629.23,9216.16,10,0.77,No,29243.49,1.3
d95b179d-dc27-49ff-9d28-19557ebec6a4,Angela Fisher,20,639502.88,7041.83,10,0.79,No,17255.46,1.31
28aa116e-115e-4e7f-9ea4-8e9c54ed170a,Corey Brewer,19,121514.52,4618.06,15,0.15,No,25584.06,1.78
45c8dcc6-a08e-48b2-b091-a39926bd2623,Mary Cobb,65,572164.09,4837.44,10,0.22,Yes,36269.02,1.42
ec7a0b56-2944-4efc-b3a6-2ccb5c83ad9b,Timothy Smith,30,152246.47,7219.44,10,0.42,No,13219.56,1.37
3b0a9400-d3fd-475d-9d5b-0cf82bfcd471,Amanda Gutierrez,36,287474.5,6688.27,25,0.81,Yes,17127.61,1.53
c3801947-5188-4d9d-b534-9f61eeac42b0,Joseph Garcia,70,323566.41,5515.62,25,0.57,No,47523.86,1.59
155affdb-be69-466c-b115-0db9e63e0bdd,Thomas Roberts,63,279963.62,1760.6,20,0.39,Yes,13462.7,1.52
8574c66f-aa40-4a7c-9790-b1a590fc0502,Stephen Morrison,25,520093.11,5781.89,20,0.87,Yes,8740.58,1.1
a96cbc51-5fae-46ec-b705-17842fa469fd,Victor Reyes,64,920651.8,5453.38,20,0.45,Yes,24768.32,1.47
b9fc0c1f-2f9c-4a78-8301-3c36bb4629ca,Patrick Hines,60,170344.14,7141.45,20,0.05,Yes,10094.93,1.78
95ee1237-228f-4421-80aa-1b26e8c0b708,Teresa Anderson,75,193364.76,8707.59,25,0.35,No,36031.01,1.13
36381d21-94dc-4dce-b46b-f4a358323b41,Jason Preston,50,203587.55,8892.91,10,0.86,No,12801.42,1.21
aef1cd04-d313-4900-9fa1-a7af432aab88,Robert Harrison,43,212632.89,8223.67,25,0.77,Yes,18801.4,1.37
d923d559-2e06-40c7-a8be-bc34fe131a9e,Jill Walton,24,280827.85,9081.47,15,0.0,Yes,5952.15,1.25
e7b7a855-e784-4ee3-9c31-4284a8a2db07,Erin Olson,30,242519.12,2612.32,25,0.45,No,2758.4,1.28
4c0dff36-2b6b-4bf3-806b-fa34bb062e19,Melissa Price,59,892543.82,4547.55,20,0.97,Yes,25151.76,1.85
833d409a-8be1-4294-bdbd-5cf30cfb5551,Jennifer Watson,28,119583.88,8784.85,15,0.31,No,4285.19,1.78
293fa82e-4d20-4ab8-9ff3-5aa6362c937a,Brianna Oliver,20,716143.1,4307.1,20,0.33,Yes,16063.74,1.37
314d991a-891c-46f0-a77b-60875ce2a897,Amber Williams,50,920225.25,8118.2,20,0.54,No,13961.41,1.25
240b51de-e7d7-417c-ab3f-4eb6e9737713,Anthony Liu,24,236059.5,6140.0,25,0.34,Yes,4501.63,1.63
c0804f0c-f6ce-4dc7-be63-1fdf972e4c0d,George Patton,25,985140.1,3638.6,20,0.63,Yes,28764.21,1.63
6015eab0-65fc-430c-a9cb-146f04e1785c,James Huerta,38,390892.32,9220.87,10,0.82,Yes,4415.76,1.79
d1b105d3-c473-485c-a29c-584472a21606,Sandra Nelson,53,644965.41,6117.37,15,0.29,No,13051.53,1.46
564cf548-a5a8-4df0-9659-863138e58282,Jerry Trujillo,61,881522.2,6079.68,25,0.81,No,35975.19,1.42
814fdcfc-c104-4523-9ef1-0a3f03bf361e,Richard Johnson,26,782482.76,5356.86,25,0.72,No,39120.98,1.93
11f549fd-ea7b-4b43-86c9-ec0075186c34,Christopher Callahan,41,446213.94,9951.63,20,0.32,Yes,1615.19,1.72
2276ec05-ed72-4dad-b700-ce7222ce0e97,Amanda Schaefer,44,259367.18,3844.85,15,0.41,No,42169.68,1.74
e97526c8-0562-41e1-a3c0-a81cbc920399,Kyle Beard,65,111210.28,5653.33,15,0.74,Yes,32002.44,1.89
b24792df-cf07-4619-bbc4-a86d901c70d1,Michael Gates,46,888265.04,3488.92,10,0.77,No,45755.75,1.36
95c2f899-ba62-475f-9968-9ddd03bdf0e9,Johnny Carter,27,729700.52,8586.81,25,0.14,No,19828.82,1.38
d18c6e5e-3fb8-456f-85d4-b7199981dcce,Danielle Smith,38,918961.57,4314.68,25,0.29,No,39817.5,1.93
64ad7301-4128-4d09-abb9-4d35ddd33498,Elizabeth Malone,48,636423.33,2260.51,15,0.56,No,9364.23,1.76
d77019fb-134e-4528-8a53-ad2e1a5f25a8,Karen Davis,58,441044.72,5889.34,20,0.3,Yes,38981.34,1.45
94fe169f-ade2-4612-beb6-0734c90028ca,Angela Pineda,62,195771.35,9690.85,15,0.03,No,6156.27,1.57
b64aca1d-c51e-4e68-8983-3736b56d8a96,Courtney Werner,43,742043.41,3689.38,15,0.44,No,30532.93,1.52
565addb1-bd30-4e32-940a-f8b53c700cec,Julia Gomez,45,848528.23,3766.96,20,0.69,No,46278.64,1.79
19689407-b06e-4ab9-b85c-bc512ad1b44b,Desiree Beltran,38,635620.24,9877.35,15,0.57,Yes,25204.58,1.84
0f4d34db-ca34-43b2-ad33-6091c3ac99b2,Amy Nguyen,18,150704.2,8208.34,10,0.69,No,18495.73,1.96
25cdcccb-73af-4860-8fb0-a6fa0ceddfa6,Alicia Lee,64,506517.29,7235.53,25,0.71,No,18643.07,1.72
6bfa6c08-6e2d-4e59-8750-ae4f81406456,Alice Stout,62,430017.49,5034.86,15,0.65,No,7021.38,1.68
db888fba-815c-4d71-8ff1-074494ea7260,Mary Bauer,18,454689.6,6749.35,10,0.15,Yes,12272.32,1.21
10824b0b-42f6-4eb7-aad7-255fef89613d,Robert Wiggins,71,919096.59,3159.43,25,0.51,Yes,47139.71,1.19
04cca64b-ef9a-4da1-91ce-b728c1165b7f,Marcus Mitchell,38,907356.99,2009.52,25,0.17,Yes,23861.65,1.08
a66e229c-eacf-4f4d-acbf-4235589f1f1c,April Strong,43,939398.25,2729.24,20,0.06,Yes,39537.59,1.22
0fa6b549-fd59-4610-9652-45185c18d081,Anthony Mcguire,44,270962.08,9345.73,20,0.4,No,37265.01,1.59
0edf7ab8-d031-4fd6-96a4-8f854010f660,Jonathan Beck,59,177955.27,7086.93,15,0.9,Yes,49268.95,1.68
39947d92-618e-4947-84aa-6c4858b1484a,Tyler Lawson,63,833914.66,9164.15,10,0.12,Yes,38740.44,1.77
2a1beddf-21e4-48ef-824d-e10bd03fedf8,Stacy Schultz,70,570154.52,1705.22,15,0.04,Yes,13584.73,1.48
555762c1-d87b-4e09-9fc4-2847caa01aaa,Laura Mcclure,24,868682.14,7355.56,20,0.29,No,1447.82,1.42
80dde34b-2770-44ae-b178-4ae04361ecb5,Ashlee Wade,66,610513.57,9499.22,15,0.86,No,20214.11,1.23
61975e8c-ec1c-498e-a529-506e1ea708ed,Chelsea Myers,18,138491.32,6601.7,15,0.36,No,11302.26,1.97
baded5d3-3f26-4f83-93c5-6fa93bd27525,Audrey Allen,47,541608.75,1911.62,25,0.35,Yes,6419.54,1.4
79da5f6e-6e1a-437a-ac58-91dfcaef9410,Joshua Allen,51,163002.93,6612.49,25,0.9,Yes,12641.96,1.07
b823d30b-9b32-4974-bd90-b8d476e2afe5,Kimberly Butler,21,749608.76,2900.29,10,0.73,Yes,47011.99,1.93
acd74759-4670-4ad0-b8eb-1221d7693a99,David Alvarado,49,732118.62,4725.73,25,0.05,Yes,9443.53,1.09
1cad9d5f-3851-4095-8835-82989856d0f3,Neil Ellis,69,133352.6,7629.7,25,0.73,Yes,32150.66,1.98
29ee3245-cd68-44d5-8c86-f980357d4410,Richard Garcia,30,976234.48,6169.75,20,0.37,No,20634.04,1.88
70124a82-157d-48ee-8d1a-342cc78cca59,Joseph Blackburn,51,813106.67,9963.74,25,0.03,No,11799.95,1.8
460926b5-3509-41e9-9305-8e073bed250a,Melissa Soto,39,398295.84,8675.7,10,0.6,Yes,23627.28,1.42
0b4f08df-a413-4c50-b026-7273b4c056e4,Crystal Warner,68,748770.28,8110.41,15,0.13,Yes,25954.24,1.44
ca738b9a-bb0a-4e0a-b1b2-91bdb8199b0d,Jerry Nicholson,51,283550.15,8845.4,15,0.43,No,10981.23,1.97
bcfc827b-91c4-4354-8b30-cff620e81db3,Gabriel Yang,65,84415.56,7306.9,20,0.31,Yes,32787.16,1.44
0ee63fab-0e63-4d92-94fa-340470fdd039,Ronald Lawson PhD,73,726206.33,6246.03,15,0.03,Yes,45757.1,1.05
0c469394-5ee4-4c8d-9043-cc2d86abdd40,Lisa Lane,18,482611.4,4296.92,20,0.51,No,15007.66,1.95
449f876a-2fb4-47c1-a46c-0002da72c9f4,Jessica Orozco,18,854354.92,5614.61,20,0.92,No,22912.2,1.88
bed1792b-88e4-4fd8-95a9-04d2ec429138,James Sutton,26,441557.97,3405.44,20,0.67,Yes,16125.98,1.91
65264d81-1e2a-4fcb-be41-2129a54165bb,Mr. Jason Oliver DDS,37,887466.84,3376.73,10,0.25,No,12448.54,2.0
f4878153-507d-4315-8fb2-5b5f2c1892b0,Kim Thornton,37,158792.38,1007.43,25,0.8,Yes,10477.03,1.94
2cfeed62-3b30-47f1-8a6c-154b4d0dd7c5,David Parsons,37,781365.09,7912.0,25,0.85,Yes,1718.66,1.26
10e77564-900f-4771-8790-b571f211c2d8,Sandra Miller,75,533370.55,7346.11,15,0.46,No,2866.57,1.6
371a763e-3517-48aa-ba80-54b73ab66adc,Jonathan Harris,26,863878.3,5657.09,25,0.57,No,45682.65,1.67
5d1ed73e-c1bf-4edd-a9f9-8fa4f03c3aba,Teresa Lee,72,400394.82,3389.79,20,0.6,No,15261.41,1.51
940a1b20-c8b1-4915-88f4-d877529b1f93,Deborah Wells,42,915139.71,9145.18,15,0.17,No,25440.41,1.87
583f1bec-50eb-4877-8846-8fe538f01e4b,Gregory Gill,24,324980.95,5942.57,25,0.53,Yes,43604.62,1.56
80e61658-75c8-4be2-b50b-7725db69fbb7,Jay Hull,40,384532.56,9428.27,10,0.02,Yes,13329.67,1.64
0804be4b-6c54-4608-b5dc-de25921b4859,Caleb Hernandez,72,317390.56,2456.33,20,0.37,No,27703.33,1.2
0db6dbbd-21c8-471f-831b-fa238f125cd1,Brenda Martin,70,109567.4,1265.54,10,0.87,Yes,46940.25,1.05
b1e78851-87b5-4a80-85b3-c317f9242bf9,Anita Richardson,24,621194.77,5954.36,25,0.26,No,32564.82,1.42
94bd22ed-a30d-49d1-a24d-903b6bb131ab,Danielle Sosa,66,795416.57,7561.58,20,0.78,No,41233.05,1.8
0dcef0fc-cef9-4ee5-8b66-fda3dc19c687,David Petersen,25,273486.9,3869.69,10,0.84,No,47389.19,1.81
2fb59076-efb4-4349-a350-e726bb2df42a,Mary Nguyen,40,946917.7,3847.7,10,0.67,No,1253.32,1.83
e2a5c356-a125-4253-80d3-1e5d99ec99ff,Teresa Kennedy,62,552477.66,1114.54,15,0.92,Yes,33298.4,1.39
0492114f-e9de-472a-b44b-f122519dc531,Maria Garcia,52,352976.66,5947.99,20,0.08,No,29667.45,1.94
d1cbdafd-b399-4476-afef-d785ffeec821,Steven Costa,74,772932.81,9296.66,15,0.94,Yes,10715.96,1.98
c3a0b2c1-e1aa-414d-9d93-a375885d3288,Jason Cook,50,155202.97,6834.39,20,0.45,Yes,898.01,1.46
a05248fc-7b10-4ad8-b68e-3ac93178a938,Ashley Jackson,41,721388.3,1800.48,20,0.0,No,3370.92,1.37
5d2bceae-5813-40b3-b487-8233114908ad,Bradley Travis,42,822259.61,4005.56,10,0.49,No,16077.14,1.08
0b5feb1b-2f2e-4705-a2d5-71816bb245b7,Brandon Scott,51,678440.05,5692.79,20,0.93,No,40838.81,1.85
c8c6c65a-c1c1-4b2d-a81a-a3ef53aa9554,Anthony Bell,56,964070.55,9458.06,25,0.58,Yes,21712.11,1.27
92d954f7-0975-4db7-bebd-fa8487a21c6b,Valerie Kaiser,71,513779.32,8529.53,15,0.11,Yes,5392.51,1.19
f404e431-4cc9-45ff-a8ca-4f95ba475c44,Cathy Johnson,64,951733.97,3453.98,15,0.32,No,47336.81,1.43
579429a2-6301-417e-9349-c7f55a8dc64a,Michelle Hunter,56,215324.2,2270.79,25,0.65,Yes,43610.82,1.3
96cd054a-e109-48fb-a94b-b9f7ad265a4a,Alex Hutchinson,23,789519.22,8431.02,25,0.0,No,43675.19,1.38
8e18ac6e-c8df-4295-a037-2396e2892b86,Michael Miller,61,235880.26,7017.67,25,0.47,No,22761.89,1.69
54e494be-9adc-452e-a099-e00c13622e3b,Gilbert Davis,68,750795.97,7750.92,20,0.29,No,14757.65,1.53
37462d9b-fbbe-4b15-b634-905871cd5381,Mitchell Moore,25,687085.01,3700.55,15,0.02,Yes,27617.7,1.17
5d8d6e4b-5cee-4aa1-b648-ecadc25cda3a,Paul Snow,71,609521.74,6085.88,20,0.32,No,46355.15,1.8
87440fa2-19f7-48c9-906d-bbe494b78bd6,Rose Weber,52,264802.01,7556.09,25,0.53,Yes,5335.87,1.98
da7a2a59-833f-46f9-889f-2235df85f7c5,Bradley Tran,50,283598.02,5566.29,25,0.55,Yes,43083.68,1.8
2f306004-1539-486c-b9f8-beb48887f43c,Krista Williams,31,293465.49,9514.09,25,0.89,No,2325.69,1.81
afb137c1-5e95-40f8-b498-6e10110d2eb7,Matthew Gregory,22,784887.91,5126.62,15,0.47,Yes,2554.69,1.65
52cf5316-234a-4928-bcd2-7fa5f1a53d50,Jodi Graham,23,159001.58,8886.69,25,0.43,No,21432.83,1.38
9072536f-9b13-4a07-9715-9d3a38bb2044,Jason Arnold,63,672933.47,7743.05,20,0.62,Yes,41980.97,1.88
54c64a17-0e70-4685-a11c-14461136d083,Matthew Cox,69,108086.75,6886.79,10,0.35,Yes,35574.24,1.08
5ef93815-9256-4bfe-b487-5406e8781b14,Briana Collins,40,111155.59,3261.23,15,0.26,Yes,38354.02,1.43
5c760469-704f-4ea5-a2fe-94ef5be1b799,Derrick Davis,58,760459.56,6197.16,25,0.26,Yes,48090.57,1.11
fa69cc61-a563-47de-932b-3389b11f64d1,Amber Little,48,104909.46,8280.25,10,0.58,Yes,21198.32,1.5
0c020eda-a760-4c3a-a6f4-64b99393aec3,Vanessa Hayes,72,95251.66,2326.29,15,0.66,Yes,1277.65,1.51
0216fbab-f27c-4aeb-b9eb-d0045be5122a,Cathy Johnson,57,852880.35,5909.54,10,0.65,No,2534.07,1.57
201f19f8-f6ca-4b83-a8de-d0c143159b84,Fred Wilkins,52,411607.48,3418.77,15,1.0,No,28909.77,1.39
5a1eb0e3-39d8-464a-9a1c-3a5fdc510012,Allison Jackson,72,804698.31,5045.54,10,0.1,No,26611.73,1.21
2e41fbf5-c4e8-4f67-9be7-04c99c02ba9c,Sandra Shepherd,75,594062.05,1318.23,25,0.95,No,37749.85,1.08
f4a9ef36-f4f4-48d7-ba03-ae11eca2f05d,Lindsay Green,58,328221.29,1402.09,20,0.21,No,27992.66,1.85
9bb550d0-c46b-4f46-9ed2-66074fd0ee76,Eric Boyd,70,844576.56,7222.99,15,0.32,Yes,3984.35,1.93
338c8413-a96c-4504-9bfe-1b0b347a809c,Tracy Cole,30,666288.33,3289.26,25,0.35,Yes,45672.2,1.73
40cce4b6-9849-451e-905f-573ff53e83f7,Carlos Hess,49,944360.19,3887.21,15,0.32,No,34210.95,1.28
7d92654d-66ab-4cb7-aba9-1d855fe83724,Molly Silva,49,617562.94,5753.71,10,0.56,Yes,5146.76,1.7
4304d481-5e6e-4c93-a56d-ac796c0a9ff6,Sarah Russell,33,800600.51,8315.35,10,0.39,No,28790.26,1.45
23df4f32-e18a-4bf6-bb21-2faa3a763f48,Stephanie Ellis,60,584021.01,2123.22,25,0.16,No,17662.95,1.21
8b30a2e4-c7c7-4027-afda-6d721dfaa1dc,Michelle Stein,52,224010.53,8830.08,15,0.86,Yes,14501.32,1.22
6b4d585e-1bb3-4a55-899e-867cb28221c1,Ian Ray,46,236185.59,3032.5,10,0.5,No,11969.47,1.95
5064a092-5221-4db9-982f-495508569ad4,Sarah Banks,47,807001.71,8554.21,15,0.31,Yes,4460.66,1.66
96d4488a-0ef9-4e86-84c5-86b8b5eadbb1,Eric Wilkins,71,399147.71,8473.17,20,0.67,No,2723.76,1.68
b00e7a15-7c14-44d9-8fcd-6b2083e43b76,Christine Miller,25,305174.83,1776.07,15,0.53,No,5902.1,1.2
3f330c65-7a9b-45a1-bd55-9e908d727e70,Matthew Holmes,27,582750.11,7924.48,25,0.22,No,49643.39,1.35
1fe85a57-09cd-4c63-88df-d3956e6360fc,Jeffrey Doyle,24,525184.48,9297.73,25,0.8,Yes,14450.49,1.15
b4aaafbf-d389-4b20-800c-c3edef79d97d,Daryl Pierce,22,869270.81,5622.73,10,0.31,Yes,18911.57,1.24
7c5233d2-290f-457a-943f-ffbf9586235f,Lawrence Andrews,29,495032.74,3009.82,15,0.22,No,28840.48,1.55
76b42d87-8269-4e0b-8002-a33a69709a34,Lisa Gray,37,588092.06,8399.05,15,0.12,No,10949.95,1.81
efd66707-3af4-46e6-a9e7-281c3d2d1431,Jonathan Gordon,18,954974.97,4241.27,10,0.58,No,20576.83,1.44
65138514-7082-42ef-865f-0d6c72d19f68,Stacey Burnett,74,681590.0,3628.26,20,0.32,Yes,13905.95,1.18
7c854514-9103-485a-b8d7-5b69eba53f67,Tony Ortega,64,88156.56,1183.62,10,0.12,No,46095.33,1.66
20b0b662-c050-4d00-a9b1-729ab58e3beb,Lucas Smith,48,928360.82,6337.54,25,0.84,Yes,39039.87,1.75
2d2f625f-efdb-4bd8-a7a5-711a410134d6,Terri Harrell,25,738578.96,7231.21,20,0.45,No,33599.71,1.34
5eb6d6f5-5d69-4824-8c29-1373942ef0bf,Leon Lutz,25,842811.28,6748.33,15,0.96,Yes,26320.44,1.39
1c290be7-7ce6-40da-ad26-9113a717668f,Wendy Taylor,75,844239.71,1350.96,15,0.35,No,41214.38,1.82
73ff8a4f-eb40-4672-a7c7-32219a6b726f,Phillip Roberts,35,724753.11,4957.64,25,0.67,No,35568.13,1.46
0493321f-f11c-4ad1-ba9f-706eb88f6a20,Katherine Lutz,69,481490.19,2301.35,20,0.56,No,42898.78,1.79
1ba30da5-0def-4381-a798-67e75af00913,Brian Pineda,45,529569.35,9214.08,25,0.98,No,22294.53,1.42
8892e986-f688-4f06-a1e7-68518c75f2f7,Mary Fox,46,617251.68,8692.38,20,0.05,No,10539.4,1.73
8c67138d-0dfd-42c6-8534-62beaaa1e351,Andrew Gregory,19,398478.83,5397.16,15,0.93,No,10193.94,1.73
e47db159-7caa-4cc0-b6ec-8e753c9a0236,Cynthia Alvarado,61,57173.46,5239.65,25,0.31,Yes,34265.74,1.1
98d971eb-27c4-4780-ba9e-d5a079a618cb,Jill Gould,34,56956.49,8814.49,25,0.26,No,42201.57,1.35
81b2eede-af0f-4a79-a368-1f296f5c01b1,Louis Blackwell,67,804409.32,7459.48,25,0.05,Yes,31699.71,1.36
0dbc7572-c8f4-41c6-8844-59d98cef1808,Leah Curtis,25,438337.91,5295.21,25,0.6,No,42031.58,1.15
c3f9b79b-bd97-484d-a0ef-e58f25c7fc14,Ryan Richardson,48,107451.16,5089.1,15,0.1,No,32569.85,1.54
0ae43a8d-c2fc-4d4a-a760-f04d7d886fe7,William Ryan,44,901809.18,2450.86,10,0.19,Yes,18866.33,1.33
7bd38d4e-feb6-4249-af99-f36702ccdf4e,Linda Herman,31,578657.95,5161.18,25,0.99,No,4755.85,1.06
6b4db6b0-73a6-4536-a33f-31c1ac1dfca7,Philip Scott,57,102260.6,9273.24,10,0.52,Yes,4058.99,1.63
f7b61c90-aab7-4153-95f9-386fe8bbd0bc,Jillian Figueroa,71,468450.99,5867.54,20,0.31,No,38411.47,1.71
bb3afeca-cc23-4a4d-b182-0c2aef79869b,Linda Humphrey,71,685347.46,4803.44,10,0.91,Yes,31604.39,1.41
9dcd6a8c-0609-4d50-9101-d9ebeb0f5c6b,Cassandra Perez,39,685988.07,6303.84,10,0.81,No,16731.06,1.39
0df7fda4-c615-4510-a144-dc5bb8a2cb19,Kimberly Hill,42,61949.25,4444.7,20,0.46,No,343.61,1.75
05e252ac-6d3f-450c-88cf-666ec251d306,Michelle Walker,42,929848.45,8297.74,10,0.07,No,43686.65,1.4
e2b68337-b9b1-4dd6-abdc-ad4cc5b9ab97,Lisa Pena,54,575543.05,4165.85,10,0.38,Yes,27013.77,1.13
ca1553a7-65b0-4c3a-ac4c-a356198cf7ae,James Yang,68,919530.05,6914.81,15,0.09,No,5740.9,1.73
fbc05b10-ff0a-494e-a298-5064a591d0cc,Cassie Riley,20,422374.15,7733.49,25,0.67,Yes,7143.43,1.77
e41c4301-7833-41a6-81e4-f4ba8abe4c8f,Bobby Tucker,32,565888.6,4853.57,15,0.73,No,35054.08,1.39
81ed217d-45d5-4b95-b578-197612614fb9,Dr. Patricia Stewart DDS,73,62124.59,7985.13,20,0.12,Yes,48863.21,1.72
dba34f91-26e3-40a4-b8c2-fd14621b92e4,Johnny Chen,20,659159.59,4431.18,15,0.21,No,7350.17,1.11
5f5bc471-9c24-4200-b9d0-89c2433997fa,Maria Cunningham,37,153639.82,5243.38,10,0.51,Yes,4151.09,1.88
c2657306-060b-4d59-bf7b-e2dbd03deb6c,Mrs. Julia Miller,34,828707.18,6499.47,15,0.59,No,11973.47,1.77
6683f7a3-86ad-4b8e-bf7a-302ac96ba94a,Stanley Barrett,20,450765.98,7894.13,20,0.51,Yes,7821.75,1.62
e63846f0-700c-404d-ae8f-a7398bb28f4d,Jane Massey,65,191254.0,8064.92,20,0.05,No,43695.23,1.11
fcfe1ab4-08a6-44c3-84db-0b08c6b3aeae,Jose Robinson,72,87678.96,5753.62,10,0.0,No,45167.68,1.52
aba740b4-3906-45cd-bbdf-5c09be1fc444,Jonathan Brooks PhD,67,557377.38,5525.1,10,0.5,No,20590.67,1.62
44ff32c5-cbe0-48a0-9013-d34622dfb4c0,Katherine Burns,41,691176.31,5469.38,10,0.44,No,26201.85,1.34
175e3084-33b0-4525-8bbf-008b84b83144,Tamara Wilson,59,803140.99,1052.06,20,0.38,Yes,33259.83,1.56
b1bb2ef2-4ae9-4e98-9517-7b6da4bfa813,Kelly Bush,41,181632.62,1161.63,10,0.11,No,40673.24,1.44
de6afb23-d2ac-415f-b5d2-e434c5aeb48e,Shannon Reed,74,434872.43,8941.54,15,0.79,Yes,19909.26,1.37
85bb9862-29ee-4657-9164-cbaf7b48bfdb,Lucas Alexander,57,373220.88,2858.95,15,0.27,No,16900.26,1.69
57d9f737-0374-4f60-a08e-1ca2f99fd1cb,Mary Jacobs PhD,62,582573.5,8254.57,15,0.58,No,21516.11,1.21
66886c9a-7f51-436f-971f-a4c52cedd2bf,Kimberly Johnson,63,621837.66,1617.12,15,0.12,No,24680.91,1.26
6285b0c5-6e1f-4a63-81c2-a051a3b9e225,Tiffany Davidson,50,705024.29,9812.5,25,0.44,Yes,25500.67,1.56
2bd92ca3-848c-427b-8b9c-ca710ce08d1f,Scott Lloyd,69,222450.47,6655.74,15,0.79,Yes,21954.39,1.81
327b7a40-057f-4fed-b665-fb9f311f9dc9,Melanie Brown,59,924325.16,5827.81,25,0.82,Yes,12086.84,1.89
fd097d59-9708-4b60-9ff8-4da4054f1876,Brenda Brown,66,165871.63,3235.87,10,0.6,No,39343.44,1.4
0e2c40ec-8de2-4ca6-92b0-7079ebf7d710,Katherine Stark,55,873561.54,5047.16,15,0.01,No,37521.71,1.27
7be9fde9-d2ff-4d41-a094-31a99f01a761,Bryan Valentine,41,988477.96,1463.87,20,0.99,Yes,22317.55,1.83
567c30ba-09ec-48c9-8655-1e3290e88cd2,Douglas Lowery,53,107838.4,2989.05,25,0.81,No,156.21,1.17
a39ab8dd-30c7-47a7-b015-20c30f1ed670,Edward Walker,44,959732.94,4594.68,25,0.88,Yes,13290.59,1.63
903043e0-40b1-41bc-a9dc-ec9bf23102a9,Michael Zamora,72,713467.01,5539.89,15,0.24,Yes,20319.58,1.56
16854c88-95a6-4311-a80b-868cf46b4b82,Jeffrey Reyes,43,376381.46,7150.22,25,0.56,No,33794.54,1.67
b7b99fd9-a7f8-4075-bd6f-bf6d36dbff5c,Catherine Ayers,35,145087.07,5113.41,20,0.84,No,16824.45,1.25
aff2fceb-6036-46f5-9fc0-492ae2681df8,Tammy Lucero,34,550138.93,2556.81,20,0.63,No,25525.4,1.87
2998c051-7c40-459c-9793-3a727f374050,Kristen Vincent,69,455593.49,9239.87,10,0.45,No,11239.36,1.13
14197eb6-64ba-4183-a40b-816d5aeeba64,Aaron Gill,44,498968.84,2174.38,10,0.29,No,14835.62,1.74
ab6cedc0-b040-461e-9259-67d69bb5d777,Mark Miller,63,486488.39,5727.7,25,0.39,No,5327.15,1.91
03991a5a-bff1-4cdf-b2bc-e61a98b0d16e,Barry Collins,61,689196.3,7715.38,25,0.56,No,18115.17,1.48
ac75457c-6b4a-47a8-b08e-08d67287983d,John Ewing,35,576876.91,7851.41,25,0.63,No,23184.7,1.33
94be1c7d-243b-4b64-a7af-139dd97a8f3f,Patricia Bishop,57,874224.96,5931.84,25,0.03,Yes,42743.63,1.7
e21526ec-daab-4c73-a635-0ad3dbb695b5,Michael Saunders,22,399120.29,5649.13,20,0.1,Yes,42961.94,1.8
274ba00f-8102-41f1-a32b-2ebc810662cd,Patrick Torres,68,101500.89,7893.68,25,0.33,Yes,18660.65,1.33
c0563c0e-d086-4d39-8e54-a65a4a631ca3,Rebecca Coleman,27,504684.32,9771.55,25,0.3,No,13524.52,1.68
1b644e68-649c-4d85-b0ca-1857058f6432,Steven Gardner,32,296266.61,1562.69,10,0.72,No,25011.36,1.8
9b9b670f-7083-458d-ace2-5939a70284d1,Taylor Johnson,30,765589.04,4480.2,10,0.0,Yes,49996.88,1.74
a7fb6bff-1e01-4720-8686-a59536724439,Tracy Graham,39,486110.33,5526.28,10,0.08,No,7200.06,1.97
756d72d0-55d1-46fb-a15a-55f0354813a4,Joshua Walker,65,189756.1,7164.66,10,0.13,Yes,26037.57,1.1
1b053600-ae78-4116-9ac7-65307b5b5566,Erika Alvarado,62,349612.04,2548.38,15,0.89,Yes,30206.89,1.38
e94bae43-820a-4faa-8175-4c904ff11579,Jeremy West,46,342785.38,5698.07,10,0.02,Yes,35779.15,1.94
0773e62b-af5e-472f-ad69-c75aa0bbd50a,Sharon Perry,67,559066.97,7570.34,10,0.99,No,10730.7,1.54
5ce6acfa-c442-44e0-b769-d083e10974c4,Vanessa Wilson,57,132482.79,4944.66,15,0.46,Yes,6956.64,1.27
8d50e74d-bbc9-4620-904b-dd933145318e,Linda Heath,23,451919.36,4369.89,25,0.33,No,38920.86,1.18
9ab3df5b-18f3-44d3-9cfd-7c8801bfa1ea,Troy Mendez,44,725273.51,4613.96,25,0.43,No,19443.59,1.24
9cad5f9d-49b2-4c1d-98e9-0149e53d7c5c,Michael Wiggins,74,461109.19,2874.62,25,0.86,No,9916.84,1.77
6ae6b1be-dfcf-49d2-8e5a-f1a71355950c,Gloria Harris,29,285175.53,5824.22,25,0.93,No,16465.36,1.71
9d2195df-e9ac-4be6-a54f-b6f8094cf828,Shannon Jones,25,251330.73,8055.06,25,0.54,Yes,28543.88,1.07
5bacef61-faed-4619-9ebd-4074cd2f9098,Scott Grant,63,371094.08,9119.28,10,0.35,Yes,39730.23,1.42
767899ca-790f-4abb-ac2c-d6e9638bb712,Peter Foster,39,521921.44,4753.7,25,0.54,Yes,23820.72,1.31
0aa0162c-91da-4adb-866e-aeb82ded6717,James Santiago,59,546237.27,1891.85,20,0.07,No,22570.77,1.63
18ecf9a5-ffaa-48d3-9b64-7235561f0e38,Leslie Dominguez,69,293821.38,4190.05,25,0.71,No,48273.23,1.61
29464512-2ea5-490b-a061-b15fe41fdfdc,Bridget Steele,60,795512.24,1679.53,10,0.8,Yes,8866.12,1.13
3f1d732b-0ac5-48d7-9a03-244ad4598a89,Joseph Sexton,33,162736.52,9269.39,25,0.98,No,1990.94,1.72
18ef5432-4fff-44df-b3d0-5a811dcd0d73,Diane Barber,27,810327.26,4819.58,20,0.01,Yes,16547.16,1.19
2b0e69ab-6252-4561-aa77-72eb7289e862,Michael Rivera,48,434922.44,6809.44,25,0.65,No,11622.53,1.77
796c4582-9bd3-4ea8-9ce7-df606ec3fc10,Brittany Hensley,63,996978.98,1337.34,15,0.4,Yes,27324.13,1.97
24fdaff6-1b57-4d95-83e2-5784473d2bfe,Allison Cervantes,18,881024.52,4181.77,20,0.8,Yes,18146.62,1.75
db29ad9f-4945-45af-8cc9-56dceaace2b2,Lori Baker,23,902046.28,8743.97,25,0.14,No,744.54,1.91
c86b8135-90e9-4ba3-b6e9-525e6faead79,Tammy Austin,66,352441.36,1022.7,10,0.48,Yes,11580.45,1.98
e7c663c0-33b0-420c-af2b-c105d7ee8853,Gregory Wong,54,229653.23,8956.15,25,0.97,Yes,3956.63,1.81
aafafa92-75ca-4324-96a5-13da24d6672c,Kristi Mccarty,32,328402.32,8946.8,20,0.21,Yes,27018.51,1.82
33c3bcd1-c7c3-477c-a634-546a0452f129,James Lee,50,960705.26,5932.4,25,0.91,Yes,24364.52,1.79
341bf58d-790f-4e2d-807e-b5978ea0c2e3,Evelyn Mcdaniel,62,863178.95,6742.87,20,0.01,Yes,35378.63,1.36
541b5518-afa5-4b61-81de-b4fbaaa3fc19,Stephanie Garner,70,517957.91,1586.44,25,0.1,No,41068.65,1.05
28fb146c-9058-4e1e-80cb-0e8afe7b3bee,Cory Fisher,45,305297.47,5122.31,20,0.02,No,23871.42,1.95
f9a9c154-a419-43e9-8174-243c29c124a4,Christopher Newman,29,561807.65,5221.42,20,0.61,No,28185.57,1.72
d7256142-21f0-4267-b16f-763bc21951ee,Matthew Rice,68,298959.52,7254.45,20,0.37,No,37167.44,1.32
6fabb5ba-f660-4ee0-a923-cbbd59affa22,Justin King,45,681885.63,3160.1,10,0.34,Yes,29630.44,1.31
a85588f8-c194-48fe-acfa-9433b05f1dad,Tiffany Bell,66,211635.22,5197.68,15,0.45,Yes,9635.13,1.69
8af7b884-4c9b-454a-b96a-385e3558cbac,Molly Luna,35,104592.62,5974.64,15,0.25,Yes,20635.78,1.91
eb377da3-8f73-4973-9135-ca4b9594e92a,James Smith,40,430837.9,9068.31,20,0.52,No,27672.67,1.13
b8b50329-55d8-4fe7-b72a-c20f0a1dd5f7,Victoria Scott,36,844835.48,9657.53,25,0.63,Yes,21943.08,1.69
b796da3b-19cc-4ffb-a61b-a1fda2e2eb06,Kristopher York,19,202286.78,2935.04,20,0.11,No,12476.62,1.59
72ca1220-ed3f-4deb-a930-a1923df673de,Erika Choi,30,83941.53,1246.72,15,0.35,No,7745.23,1.07
3d42f704-7c53-472e-92d1-c6a5f8748d19,Stephanie Wallace,73,444688.94,9561.45,20,0.74,Yes,45256.92,1.05
a300c6f2-c3c9-4c9a-8852-e8313f4e9b54,Teresa Wade,70,442213.07,8610.6,20,0.53,No,44004.98,1.6
a729675b-ca3c-47b3-a06e-568f2aeb4282,Paul Arnold,41,791782.84,9213.36,20,0.85,Yes,46232.7,1.09
7ea90050-9c17-409d-8235-64348a415e9d,Lauren Chung,26,733231.92,7839.8,10,0.73,Yes,30935.21,1.45
eb46514f-4cfa-4832-a1e6-411e04006a6f,Laura Marshall,53,171998.63,3925.84,10,0.19,No,28555.54,1.11
403ed040-8cb1-4e2d-80b2-e90964e82414,Matthew Zamora,61,227408.97,3934.08,10,0.68,No,23410.69,1.62
065e0fa4-709d-47f7-b948-81d03017fb87,Gloria Bennett,44,698994.15,7919.97,15,0.06,Yes,3559.24,1.89
1afc8037-cfa3-446f-b8bf-f8a42b0d8ac5,Jack Smith,22,287456.81,6002.69,20,0.1,No,13176.39,1.86
3a0ca402-5677-4661-9368-ae1c98996a2a,Catherine Vang,53,110184.46,8299.69,15,0.71,Yes,41769.67,1.63
3e4ac508-559f-4ba4-bb62-94ac8b461b72,Lisa Graves,63,681499.89,8031.23,20,1.0,Yes,13724.17,1.06
451a40a1-cc28-4827-9fb2-9b025335ef8d,Christopher Hanna,36,866415.37,3198.23,20,0.72,Yes,28162.74,1.45
59bf114e-04f1-4d59-8433-64ebfd794695,Jasmine Garcia,29,419902.21,8814.94,15,0.82,Yes,33411.13,1.76
5eb5fcdf-8b84-4104-ab24-12fce54fd9dc,Charles Mills,20,865172.76,4366.69,25,0.17,No,17849.82,1.8
955cf9a8-0365-4a24-a1ff-04b3a888d4b0,Daniel Ryan,63,958243.43,1837.32,25,0.64,No,18462.52,1.29
0554d912-dc51-4bb5-9e7f-eaa4305b8d7e,Allison Benitez,23,945383.02,4882.85,20,0.81,No,21020.66,1.75
ba1aad8c-ae01-4e91-8fa4-0935f10d20f0,Nicole Sanchez,70,948144.97,7050.19,20,0.07,No,10716.33,1.79
744136a6-fbc2-418f-8b6a-e42e1a0b31d6,Bradley Doyle,39,834338.73,9780.04,20,1.0,Yes,20338.19,1.05
62dc0e0a-7cb9-4177-a821-30675d6a053f,Brooke Reyes,47,802832.4,7706.38,20,0.54,No,16103.4,1.08
d84d5c3e-dac8-4f94-b5c3-3463e2e14d32,Scott Smith,21,272610.45,4269.28,10,0.19,No,16748.99,1.63
2b63e218-42a4-4353-9f98-d7ef93c89abb,Rodney Pena,34,201891.28,2565.18,10,0.57,No,32910.58,1.18
42b0e1b7-0261-4fd2-a7da-66a6d5032a4e,Casey Williams,40,54190.23,7534.6,10,0.93,Yes,35096.29,1.35
9367e7fa-9493-407b-ae89-f07dc2a2ea0c,Angela Hunt,37,776293.85,4432.3,15,0.08,Yes,36350.57,1.61
da9c9100-f676-472b-990f-6f61f59a03fc,Victor Reynolds,46,226502.25,8262.81,20,0.96,Yes,18668.78,1.98
59cd4da6-4013-4b48-a37f-0b94ff2c98c2,Donald Serrano,63,502473.04,4151.68,25,0.69,Yes,16487.9,1.06
18271c45-36df-48cc-a592-766b9056a5fc,Rita Alexander,20,216584.08,5308.77,25,0.57,Yes,8172.6,1.74
2d50a6f2-933b-43e2-abc0-21c82f5a8903,Lisa Moreno,55,117210.58,5058.3,15,0.63,No,33211.47,1.69
218d698e-8536-4993-8942-2dc496e016fd,Lisa Thomas,29,962619.41,6537.84,15,0.96,Yes,17338.46,1.82
8b51b029-ac2f-4143-b8c8-6d88dc5d5471,Felicia Duke,42,392426.14,5668.85,15,0.94,Yes,3877.31,1.53
f3ccc1bd-e056-444c-898a-ddd6e028d5ce,Theodore Evans,60,329245.44,8622.3,20,0.98,No,21258.62,1.92
24997e91-a14e-493e-8ddd-c079a574fcfa,Allison Mcintosh,54,207668.75,5594.29,25,0.5,No,48075.12,1.64
65194331-31d8-4458-9539-73774f1e75e2,Mr. James Lopez,22,790611.48,9298.01,20,0.48,Yes,36026.69,1.43
519b0dcf-6a15-49fd-9534-4ba1047c190c,Amy Mcguire,63,718348.12,4062.8,15,0.83,Yes,21027.27,1.36
d24ea800-3568-4620-a56d-06e23fcab807,Jennifer Wright,34,782427.7,4613.24,15,0.32,No,47666.11,1.78
fceb35d2-6833-4c3f-b3e6-696d20a9f1cf,Jeffrey Owens,43,566547.74,1285.52,25,0.73,Yes,17337.27,1.41
998194da-d857-48d1-9c43-c92ab55bc891,Amanda Alvarado,39,327906.05,9528.62,10,0.27,Yes,42182.32,1.84
de718850-8d95-46d6-b71e-4add1b4fd577,Erik Jackson,24,346549.38,4826.8,25,0.71,No,10057.11,1.91
08a7c172-e573-48c8-bef5-ff95cf8ba5af,Anthony Rogers,59,481742.16,5441.5,25,0.59,Yes,6911.64,1.9
28de5430-1d15-458b-9210-e2cd636d5483,Reginald Lopez,39,103155.6,6628.28,25,0.6,No,43416.56,1.27
4091893b-c829-42d5-9b55-fad7a4ddc212,Ronald Mcgee,27,256806.76,1578.56,20,0.5,No,38642.43,1.12
d4f328f5-a346-4f50-a76f-1791725d72fc,Joshua Bonilla,59,817395.1,2829.14,20,0.83,No,38611.23,1.06
2cea98bc-a6a8-405f-a8f3-aa40aa348d86,Mrs. Andrea Fox,62,657562.5,5434.31,25,0.17,Yes,18115.35,1.55
009d3ce6-d1d0-4f53-a7d9-bb65de1290cd,Luis Warren,46,507771.3,6012.27,25,0.73,Yes,38799.14,1.71
f9b6dc17-2652-49e1-ab0e-88302ffbf60f,Christina Montgomery,22,372027.82,6730.65,10,0.87,No,2541.5,1.32
f5ace7d6-26fb-4f4c-9b1d-e4fd3b244292,Christopher Phillips,67,375358.74,2598.68,15,0.61,Yes,32563.83,1.4
beec8cb5-4938-4cf0-a618-6c6bd5912479,Tiffany Rogers,38,913377.22,2870.66,20,0.67,No,3942.21,1.61
f5640e74-6ba7-4db9-ae86-364c59e991ff,Michael Weeks,29,374725.51,6927.66,15,1.0,Yes,34039.26,1.86
02844967-2851-4259-a1dd-6957d0999aab,Matthew Johnson,66,776249.71,4268.87,15,0.64,No,6387.96,1.51
5b8a13d4-69d7-420c-be73-3e243c5e1f82,Carla Mcdaniel,46,122243.48,4119.73,25,0.44,No,20776.7,1.15
e5a54762-6b55-48d1-a29e-cce0be45f110,Sherri Michael,39,62014.31,4966.02,15,0.44,Yes,26583.94,1.26
37ac7bfa-0490-4a9c-9cc3-8c4c3fb73f71,Maria Richardson,31,874546.81,6613.41,20,0.54,Yes,25119.23,1.34
03ac3f0b-ce0d-47d7-881d-4d7de7bbf243,Tyler Maldonado,28,733210.61,8756.76,20,0.19,No,4618.29,1.37
9d591074-b49c-42b3-af16-335fd42892f7,Becky Jimenez,37,687015.93,4096.97,20,0.47,Yes,43157.5,1.85
e563c064-6842-42b7-a57e-74741acd5c1c,James Mendoza,19,413709.05,1925.96,20,0.05,No,13453.12,1.08
9b39ceae-7c2f-40f1-8678-582aff28e278,Jake Schultz,30,332283.11,3638.16,15,0.81,No,37500.33,1.58
4daed34f-245d-446c-a743-b102845b7aeb,Elizabeth Turner,30,427412.87,9805.38,20,0.56,No,29697.04,1.97
76d5d831-197d-497b-9e6a-278a8f53263e,Amanda Patterson,26,240547.97,5786.71,10,0.26,Yes,36939.04,1.19
af51a70b-711c-44fd-b67f-d9a8e599223d,Mrs. Kimberly Gonzalez MD,21,295232.01,8697.35,25,0.83,Yes,32179.82,1.81
98bbc891-a350-47eb-9d2d-a96c822accb8,Rebecca Haynes,53,441883.95,2509.17,10,0.81,Yes,22386.52,1.6
3c922890-a590-4877-b021-60bacd51a160,Kayla Hansen,23,174121.91,5574.89,15,0.15,Yes,16918.54,1.62
7e41fc1c-2738-4499-9662-cecad2a5d1fa,John Compton,60,436923.45,6270.52,15,0.75,No,43207.04,1.23
e5c0ce99-87d3-4fd7-ae82-96d730e39db9,Randall West,51,200063.74,8376.12,20,0.04,No,45823.62,1.75
88bb7ef9-25c8-4bb4-b90f-fee2e18ae510,Ms. Stephanie Graham DDS,28,775972.54,1106.14,15,0.54,Yes,26774.36,1.41
086d099a-8cdb-48ba-9bb9-fc060a0c1721,Candice Anderson,46,51567.42,1231.58,25,0.02,No,31733.18,1.23
d85bd60a-7492-4ee6-863b-12b55ad4f120,Charlene Cannon,45,378456.07,8160.36,20,0.84,No,44534.22,1.54
6108bf01-f890-4242-97ee-7f8139a258f2,Heather King,61,971223.55,7748.9,20,0.22,No,17548.48,1.16
58e6dbd8-3103-4ec7-92b0-0e29b2b2a5ae,Courtney Reyes,69,837639.13,7292.86,25,0.53,Yes,4893.47,1.37
4b2d62dc-c516-4f99-8507-a8e82b2911ab,Morgan Davis,64,107975.98,3545.77,25,0.42,No,15881.77,1.13
50e1a36b-f00d-4d26-a6f3-70e448c606a7,Angela Parker,40,599459.06,7242.7,15,0.09,No,28877.0,1.17
38d9078b-1603-47c3-beb6-b663b9e90612,Tanya Thomas,27,266417.09,2435.69,25,0.72,No,28128.97,1.67
6fb12399-e3f2-4c60-891f-1871e4716f8f,Ronald Shaw,31,209559.38,1730.54,20,0.41,No,5891.12,1.22
5f392b5d-01bb-465f-821c-3692001b14f5,Nicole Goodwin,34,860444.68,5482.87,25,0.02,Yes,36575.18,1.53
604689ad-4aa6-4b4f-a1a7-fb38dbc8e344,Russell Andrews,38,170085.31,9123.3,10,0.17,Yes,44844.91,1.05
f42d566a-894c-4e80-80cb-68437d65c295,David Flores,19,968303.7,6119.28,25,0.62,No,24298.88,1.26
9645f8d6-cad4-44cd-a275-b3c76178b4f9,Joshua King,43,580426.13,2015.25,20,0.88,No,43970.45,1.67
527d84bf-e2b8-4bbd-b748-cebc80a93127,James Wilson,46,202225.27,4716.24,10,0.78,No,19846.8,1.51
f31c19a1-ab7f-45ab-a33d-9ac8da62f88c,Erica Moon,25,253495.26,5641.43,20,0.65,No,23364.23,1.34
33c7ea5b-1d4b-4718-b62a-9721d3b9e4b2,Elaine Garcia,59,236550.15,8037.57,10,0.56,No,6745.11,1.09
23f95e83-65ed-4285-b2fd-1d3144586aa2,Daisy Cherry,59,366182.33,9875.53,15,0.41,Yes,12291.73,1.53
47973d60-7b12-46ec-8138-7886a5432990,Raymond Casey,48,135082.67,6292.07,10,0.4,Yes,47065.96,1.57
982dcf2a-a93d-4e00-8221-4c9e57b93ca1,Robert Delacruz,53,692053.75,7468.79,10,0.57,Yes,13323.65,1.83
baf834be-4d1d-43f6-9026-b298a6fe80ec,Andrea Lane,18,474428.15,4997.39,25,0.26,No,32372.83,1.2
b1cf2605-61fe-4ed7-b82d-f1349a6b6418,Joshua Bishop,43,419775.9,6656.38,10,0.99,No,48808.97,1.25
37f08e5b-ed95-48ae-982e-15438b882841,Olivia Ferguson,54,482264.96,9253.82,15,0.26,Yes,1979.21,1.43
fec12750-aea2-4332-9249-09a639ad8d36,Danielle Cardenas,43,673747.18,5064.27,10,0.34,Yes,22848.76,1.86
9d6defea-aaa1-4c79-8903-f61191876f83,Jody Castro,61,51594.03,3423.17,20,0.44,No,21122.41,1.32
d4c9f023-b0e0-4133-bbd6-16113e4231d5,Kathleen Robinson,36,410291.93,1344.91,20,0.87,No,9217.72,1.45
53bf18f6-e7a4-49d9-a987-d1b57afcfdde,Kevin Ellis,20,866257.56,8133.72,20,0.29,No,14030.95,1.58
58b74857-ddb6-43d9-9c3b-8f2102f02d5b,Rebekah Wu,51,865247.81,2868.3,25,0.41,No,21474.47,1.99
183f37af-2a86-4c00-9dca-e3daf6b3e8f0,Derek Brown,40,537286.24,5043.78,25,0.65,No,34530.01,1.67
22cef534-e0b3-4b0d-9795-b7a3a3822772,Catherine Coffey,39,697327.99,7647.2,20,0.34,No,10168.16,1.75
7c24d22d-7b1c-4b3f-bc06-d756728a4f75,Kristi Shaw,59,457656.0,2468.3,20,0.12,No,524.17,1.9
3d05ad9b-04e0-4ea8-899e-cc90e8f73ece,Joseph Roberts,43,86282.34,4230.41,10,0.31,Yes,18287.02,1.79
3adf81ed-e241-4eff-a737-c0e19227e9aa,Brittany Young,52,209936.74,2450.42,25,0.49,Yes,1448.26,1.35
3e97bf12-bb7f-4f9f-9d5b-e74023982743,Thomas Smith,67,55592.4,7427.04,15,0.45,No,7288.69,1.35
9b9a3090-14d3-40be-a5d3-6fc395a52137,Tanya Russell,58,964537.75,2143.68,15,0.01,No,46969.85,1.51
6a8dbb25-9a34-47d5-aeee-890ab4c035f3,Diane Rivas,59,372070.9,4643.3,15,0.22,Yes,22187.63,1.36
75d1acf8-cd40-44c9-92b1-548c0e02cb2d,Emma Jones,51,821543.38,2659.11,20,0.2,No,41938.77,1.66
b64eb522-f5d8-4baf-a82c-2790e4335aa9,Christina Bradshaw,19,726614.1,3206.69,25,0.17,No,21651.82,1.46
2a79ff6c-dab1-4558-8490-c5d90954bda7,James Smith,19,974956.53,8493.32,20,0.83,No,38072.26,1.18
4bf1f6d7-ee28-48cb-a6e2-1d3d5c5a3aa2,Daniel Valenzuela,23,102945.97,5055.14,20,0.25,Yes,10251.48,1.07
bf369baa-d171-4d5e-bd39-f941f5623f59,Natalie Nelson,49,619256.09,2902.62,10,0.66,No,25254.28,1.17
420f6d5c-2aa4-4727-84b2-62609b624a26,Joshua Andrews,41,173859.71,7978.64,15,0.84,No,39409.61,1.21
c5f4840b-71c4-4145-906d-28d086c9e87e,Barbara Castillo,59,845946.45,9726.4,10,0.27,No,218.54,1.06
6a965047-0049-480d-8ea9-e85fd6899459,Colleen Brown,68,977526.27,8435.42,25,0.55,No,47945.83,1.98
07d99313-cca0-4617-a4b3-6ad348c36d9e,Cheryl Wilson,63,453213.87,9176.47,20,0.57,Yes,10260.08,1.38
264a969a-1f0b-411c-9460-5cddf434e089,Melissa French,61,85963.5,2653.6,15,0.88,No,30430.41,1.13
22360b35-416b-4cc5-8776-10d297ef2057,Linda Hoffman,31,193687.51,5399.21,25,0.99,No,39054.21,1.18
4915cb71-0a34-4aff-97c4-1b9798728ba3,Linda Larsen,63,274215.64,8200.6,20,0.96,No,44793.93,1.45
894800d5-3177-404e-8dac-3aee2edd57f2,Kenneth Dyer,43,626042.69,6345.48,25,0.99,No,1805.57,1.79
30094451-17fd-4c50-8acf-3c5621084106,Steven Stevens,61,285492.79,7525.69,25,0.8,Yes,9752.82,1.44
6d6c8b65-9dfa-4779-ad7a-b6fc590a8501,Nicole Moore,42,744671.64,9867.82,15,0.68,Yes,29639.16,1.62
1436e3ae-0271-4ac4-819e-1b4f282e1ba8,Victoria Stafford DVM,20,912767.94,8331.23,15,0.43,Yes,14576.1,1.54
ee82df92-b187-4a32-9a7e-1faa7747d2ab,Christy Huerta,71,781909.07,9048.3,15,0.04,Yes,45904.29,1.53
de999822-8cf4-42ad-846a-e5bdc58d86e1,Fernando Vasquez,44,340151.96,9845.23,25,0.58,Yes,27505.33,1.9
534e23dd-1e9d-4265-9908-4b7fc923cdba,Kathy Clark,67,730262.68,4413.49,25,0.85,No,9446.01,1.2
4626b104-861a-4c2f-a151-2a7e9e2d0725,Melanie Nelson,34,290602.82,3739.51,10,0.4,Yes,28800.79,1.14
ac6a2b5f-93dc-4e3a-a737-b16f601c0606,Melissa Ellis,59,373403.11,2119.89,25,0.42,Yes,16915.04,1.36
